candidate_id,name,target_job,education,experience_years,skills,projects_count,certifications_count,internship,resume_text
CAND001,Pooja Kulkarni,Data Scientist,B.Tech CSE,0.7,"Machine Learning, Power BI, NumPy, Pandas, CSS, C++",3,4,Yes,"Candidate has a B.Tech CSE background and is applying for the Data Scientist role. Has 0.7 years of experience with skills in Machine Learning, Power BI, NumPy, Pandas, CSS, C++. Completed 3 projects and earned 4 professional certifications. Completed an internship. Interested in building practical solutions and working with modern technology."
CAND002,Akash Khan,Data Analyst,B.Sc Data Science,1.9,"Python, Statistics, SQL, Power BI, Excel",3,2,Yes,"Candidate has a B.Sc Data Science background and is applying for the Data Analyst role. Has 1.9 years of experience with skills in Python, Statistics, SQL, Power BI, Excel. Completed 3 projects and earned 2 professional certifications. Completed an internship. Interested in building practical solutions and working with modern technology."
CAND003,Sameer Verma,Data Scientist,B.Sc Data Science,5.8,"Statistics, Machine Learning, Pandas, Computer Vision, PyTorch, Java",5,4,Yes,"Candidate has a B.Sc Data Science background and is applying for the Data Scientist role. Has 5.8 years of experience with skills in Statistics, Machine Learning, Pandas, Computer Vision, PyTorch, Java. Completed 5 projects and earned 4 professional certifications. Completed an internship. Interested in building practical solutions and working with modern technology."
CAND004,Kavya Kulkarni,Data Scientist,B.Tech AIDS,4.4,"TensorFlow, Git, DSA, Machine Learning, HTML, Node.js",5,1,No,"Candidate has a B.Tech AIDS background and is applying for the Data Scientist role. Has 4.4 years of experience with skills in TensorFlow, Git, DSA, Machine Learning, HTML, Node.js. Completed 5 projects and earned 1 professional certifications. Has no internship experience. Interested in building practical solutions and working with modern technology."
CAND005,Tanya Pawar,Software Engineer,B.Tech CSE,4.8,"C++, Linux, DSA, REST API, Scikit-learn, Tableau, Python, Java",0,1,Yes,"Candidate has a B.Tech CSE background and is applying for the Software Engineer role. Has 4.8 years of experience with skills in C++, Linux, DSA, REST API, Scikit-learn, Tableau, Python, Java. Completed 0 projects and earned 1 professional certifications. Completed an internship. Interested in building practical solutions and working with modern technology."
CAND006,Sneha Thakur,AI/ML Engineer,M.Tech AI,3.2,"TensorFlow, SQL, Scikit-learn, NLP",4,1,Yes,"Candidate has a M.Tech AI background and is applying for the AI/ML Engineer role. Has 3.2 years of experience with skills in TensorFlow, SQL, Scikit-learn, NLP. Completed 4 projects and earned 1 professional certifications. Completed an internship. Interested in building practical solutions and working with modern technology."
CAND007,Riya Verma,Data Analyst,B.Sc Statistics,1.1,"Pandas, SQL, Statistics, Tableau, Power BI, Python, CSS, DSA",2,5,No,"Candidate has a B.Sc Statistics background and is applying for the Data Analyst role. Has 1.1 years of experience with skills in Pandas, SQL, Statistics, Tableau, Power BI, Python, CSS, DSA. Completed 2 projects and earned 5 professional certifications. Has no internship experience. Interested in building practical solutions and working with modern technology."
CAND008,Meera Raut,AI/ML Engineer,M.Sc AI,5.3,"OOP, HTML, Pandas, C++, REST API, DSA, SQL, Statistics",5,0,No,"Candidate has a M.Sc AI background and is applying for the AI/ML Engineer role. Has 5.3 years of experience with skills in OOP, HTML, Pandas, C++, REST API, DSA, SQL, Statistics. Completed 5 projects and earned 0 professional certifications. Has no internship experience. Interested in building practical solutions and working with modern technology."
CAND009,Arjun Jadhav,AI/ML Engineer,B.Tech AIDS,5.9,"Scikit-learn, Deep Learning, OOP, DSA, Python, Java",8,4,Yes,"Candidate has a B.Tech AIDS background and is applying for the AI/ML Engineer role. Has 5.9 years of experience with skills in Scikit-learn, Deep Learning, OOP, DSA, Python, Java. Completed 8 projects and earned 4 professional certifications. Completed an internship. Interested in building practical solutions and working with modern technology."
CAND010,Varun Verma,Web Developer,MCA,0.4,"PyTorch, JavaScript, NumPy, C++, DSA, Linux, Java, Git",1,0,No,"Candidate has a MCA background and is applying for the Web Developer role. Has 0.4 years of experience with skills in PyTorch, JavaScript, NumPy, C++, DSA, Linux, Java, Git. Completed 1 projects and earned 0 professional certifications. Has no internship experience. Interested in building practical solutions and working with modern technology."
CAND011,Manish Jadhav,Data Analyst,B.Tech CSE,6.5,"Tableau, Data Visualization, Statistics, Power BI, Git",3,5,No,"Candidate has a B.Tech CSE background and is applying for the Data Analyst role. Has 6.5 years of experience with skills in Tableau, Data Visualization, Statistics, Power BI, Git. Completed 3 projects and earned 5 professional certifications. Has no internship experience. Interested in building practical solutions and working with modern technology."
CAND012,Diya Verma,AI/ML Engineer,B.Sc Data Science,1.5,"Machine Learning, NLP, Python, PyTorch, REST API, Git, React",1,5,Yes,"Candidate has a B.Sc Data Science background and is applying for the AI/ML Engineer role. Has 1.5 years of experience with skills in Machine Learning, NLP, Python, PyTorch, REST API, Git, React. Completed 1 projects and earned 5 professional certifications. Completed an internship. Interested in building practical solutions and working with modern technology."
CAND013,Tanya Mishra,Data Scientist,B.Sc Data Science,5.1,"Statistics, Pandas, NumPy, Machine Learning",7,1,No,"Candidate has a B.Sc Data Science background and is applying for the Data Scientist role. Has 5.1 years of experience with skills in Statistics, Pandas, NumPy, Machine Learning. Completed 7 projects and earned 1 professional certifications. Has no internship experience. Interested in building practical solutions and working with modern technology."
CAND014,Sneha Pawar,Web Developer,B.Tech CSE,0.4,"SQL, REST API, Java, Node.js",1,0,No,"Candidate has a B.Tech CSE background and is applying for the Web Developer role. Has 0.4 years of experience with skills in SQL, REST API, Java, Node.js. Completed 1 projects and earned 0 professional certifications. Has no internship experience. Interested in building practical solutions and working with modern technology."
CAND015,Aditi Thakur,Data Scientist,B.Tech AIDS,1.7,"SQL, TensorFlow, Machine Learning, Power BI, Pandas",1,3,Yes,"Candidate has a B.Tech AIDS background and is applying for the Data Scientist role. Has 1.7 years of experience with skills in SQL, TensorFlow, Machine Learning, Power BI, Pandas. Completed 1 projects and earned 3 professional certifications. Completed an internship. Interested in building practical solutions and working with modern technology."
CAND016,Zoya Shinde,Data Scientist,B.Tech CSE,1.2,"Statistics, Pandas, TensorFlow, Power BI, Python",0,3,No,"Candidate has a B.Tech CSE background and is applying for the Data Scientist role. Has 1.2 years of experience with skills in Statistics, Pandas, TensorFlow, Power BI, Python. Completed 0 projects and earned 3 professional certifications. Has no internship experience. Interested in building practical solutions and working with modern technology."
CAND017,Aditi Chavan,Software Engineer,MCA,0.4,"C++, DSA, REST API, Python, Java, OOP, NLP, Computer Vision",7,4,Yes,"Candidate has a MCA background and is applying for the Software Engineer role. Has 0.4 years of experience with skills in C++, DSA, REST API, Python, Java, OOP, NLP, Computer Vision. Completed 7 projects and earned 4 professional certifications. Completed an internship. Interested in building practical solutions and working with modern technology."
CAND018,Meera Bhosale,Data Scientist,B.Tech AIDS,4.1,"TensorFlow, Machine Learning, NumPy, Statistics",0,4,Yes,"Candidate has a B.Tech AIDS background and is applying for the Data Scientist role. Has 4.1 years of experience with skills in TensorFlow, Machine Learning, NumPy, Statistics. Completed 0 projects and earned 4 professional certifications. Completed an internship. Interested in building practical solutions and working with modern technology."
CAND019,Zoya Verma,Data Analyst,BCA,2.8,"Excel, REST API, React, JavaScript, Git, HTML",4,3,No,"Candidate has a BCA background and is applying for the Data Analyst role. Has 2.8 years of experience with skills in Excel, REST API, React, JavaScript, Git, HTML. Completed 4 projects and earned 3 professional certifications. Has no internship experience. Interested in building practical solutions and working with modern technology."
CAND020,Bhavna Shinde,Data Scientist,M.Tech AI,6.2,"DSA, Computer Vision, Pandas, Excel, OOP, HTML, Data Visualization, Linux",3,2,No,"Candidate has a M.Tech AI background and is applying for the Data Scientist role. Has 6.2 years of experience with skills in DSA, Computer Vision, Pandas, Excel, OOP, HTML, Data Visualization, Linux. Completed 3 projects and earned 2 professional certifications. Has no internship experience. Interested in building practical solutions and working with modern technology."
CAND021,Isha Naik,Data Analyst,MCA,6.2,"Tableau, Pandas, Python, Data Visualization, HTML, DSA",8,1,No,"Candidate has a MCA background and is applying for the Data Analyst role. Has 6.2 years of experience with skills in Tableau, Pandas, Python, Data Visualization, HTML, DSA. Completed 8 projects and earned 1 professional certifications. Has no internship experience. Interested in building practical solutions and working with modern technology."
CAND022,Karan Deshmukh,Web Developer,B.Tech AIDS,4.4,"REST API, Git, JavaScript, HTML, Node.js",4,0,Yes,"Candidate has a B.Tech AIDS background and is applying for the Web Developer role. Has 4.4 years of experience with skills in REST API, Git, JavaScript, HTML, Node.js. Completed 4 projects and earned 0 professional certifications. Completed an internship. Interested in building practical solutions and working with modern technology."
CAND023,Aditi Mehta,Software Engineer,B.Tech IT,4.1,"REST API, Java, Linux, Git, Python, SQL, Node.js",2,3,Yes,"Candidate has a B.Tech IT background and is applying for the Software Engineer role. Has 4.1 years of experience with skills in REST API, Java, Linux, Git, Python, SQL, Node.js. Completed 2 projects and earned 3 professional certifications. Completed an internship. Interested in building practical solutions and working with modern technology."
CAND024,Yash Mishra,Software Engineer,B.Tech CSE,5.2,"Python, SQL, Git, OOP, Node.js, React",3,1,Yes,"Candidate has a B.Tech CSE background and is applying for the Software Engineer role. Has 5.2 years of experience with skills in Python, SQL, Git, OOP, Node.js, React. Completed 3 projects and earned 1 professional certifications. Completed an internship. Interested in building practical solutions and working with modern technology."
CAND025,Vidya More,Data Scientist,B.Tech AIDS,1.1,"NLP, Statistics, REST API, SQL, Git, HTML",1,3,Yes,"Candidate has a B.Tech AIDS background and is applying for the Data Scientist role. Has 1.1 years of experience with skills in NLP, Statistics, REST API, SQL, Git, HTML. Completed 1 projects and earned 3 professional certifications. Completed an internship. Interested in building practical solutions and working with modern technology."
CAND026,Sakshi Thakur,Web Developer,B.Tech IT,6.1,"Java, HTML, Node.js, CSS, OOP, NLP, Linux",4,2,No,"Candidate has a B.Tech IT background and is applying for the Web Developer role. Has 6.1 years of experience with skills in Java, HTML, Node.js, CSS, OOP, NLP, Linux. Completed 4 projects and earned 2 professional certifications. Has no internship experience. Interested in building practical solutions and working with modern technology."
CAND027,Meera Naik,Software Engineer,B.Tech CSE,0.8,"HTML, Deep Learning, Power BI, CSS",6,2,No,"Candidate has a B.Tech CSE background and is applying for the Software Engineer role. Has 0.8 years of experience with skills in HTML, Deep Learning, Power BI, CSS. Completed 6 projects and earned 2 professional certifications. Has no internship experience. Interested in building practical solutions and working with modern technology."
CAND028,Kavya Mishra,Data Analyst,B.Tech AIDS,6.5,"Excel, HTML, CSS, React, NLP, C++, OOP",8,5,Yes,"Candidate has a B.Tech AIDS background and is applying for the Data Analyst role. Has 6.5 years of experience with skills in Excel, HTML, CSS, React, NLP, C++, OOP. Completed 8 projects and earned 5 professional certifications. Completed an internship. Interested in building practical solutions and working with modern technology."
CAND029,Sakshi Raut,Data Scientist,B.Sc Data Science,3.9,"NumPy, Power BI, Scikit-learn, NLP, JavaScript, Machine Learning, Statistics, Java",3,3,No,"Candidate has a B.Sc Data Science background and is applying for the Data Scientist role. Has 3.9 years of experience with skills in NumPy, Power BI, Scikit-learn, NLP, JavaScript, Machine Learning, Statistics, Java. Completed 3 projects and earned 3 professional certifications. Has no internship experience. Interested in building practical solutions and working with modern technology."
CAND030,Sakshi Kulkarni,Data Analyst,BCA,4.6,"Tableau, Excel, SQL, Node.js, PyTorch, Python",7,3,No,"Candidate has a BCA background and is applying for the Data Analyst role. Has 4.6 years of experience with skills in Tableau, Excel, SQL, Node.js, PyTorch, Python. Completed 7 projects and earned 3 professional certifications. Has no internship experience. Interested in building practical solutions and working with modern technology."
CAND031,Diya More,Data Analyst,B.Sc Data Science,5.6,"Pandas, Python, SQL, Excel, Data Visualization",2,0,Yes,"Candidate has a B.Sc Data Science background and is applying for the Data Analyst role. Has 5.6 years of experience with skills in Pandas, Python, SQL, Excel, Data Visualization. Completed 2 projects and earned 0 professional certifications. Completed an internship. Interested in building practical solutions and working with modern technology."
CAND032,Bhavna Chavan,Data Analyst,B.Tech AIDS,0.0,"Statistics, Power BI, Data Visualization, SQL, Deep Learning, React, Tableau",1,3,Yes,"Candidate has a B.Tech AIDS background and is applying for the Data Analyst role. Has 0.0 years of experience with skills in Statistics, Power BI, Data Visualization, SQL, Deep Learning, React, Tableau. Completed 1 projects and earned 3 professional certifications. Completed an internship. Interested in building practical solutions and working with modern technology."
CAND033,Varun Thakur,AI/ML Engineer,B.Tech AIDS,2.2,"SQL, Deep Learning, Computer Vision, OOP, Scikit-learn, Power BI, PyTorch, REST API",7,4,No,"Candidate has a B.Tech AIDS background and is applying for the AI/ML Engineer role. Has 2.2 years of experience with skills in SQL, Deep Learning, Computer Vision, OOP, Scikit-learn, Power BI, PyTorch, REST API. Completed 7 projects and earned 4 professional certifications. Has no internship experience. Interested in building practical solutions and working with modern technology."
CAND034,Karan Thakur,AI/ML Engineer,B.Tech CSE,5.0,"PyTorch, SQL, NLP, Machine Learning, HTML, OOP, Computer Vision",3,2,No,"Candidate has a B.Tech CSE background and is applying for the AI/ML Engineer role. Has 5.0 years of experience with skills in PyTorch, SQL, NLP, Machine Learning, HTML, OOP, Computer Vision. Completed 3 projects and earned 2 professional certifications. Has no internship experience. Interested in building practical solutions and working with modern technology."
CAND035,Varun Mishra,Data Scientist,B.Tech AIDS,3.8,"Pandas, Machine Learning, Power BI, TensorFlow, JavaScript",6,0,Yes,"Candidate has a B.Tech AIDS background and is applying for the Data Scientist role. Has 3.8 years of experience with skills in Pandas, Machine Learning, Power BI, TensorFlow, JavaScript. Completed 6 projects and earned 0 professional certifications. Completed an internship. Interested in building practical solutions and working with modern technology."
CAND036,Vidya Mishra,AI/ML Engineer,B.Sc Data Science,0.0,"Scikit-learn, Power BI, Machine Learning, NumPy",5,2,No,"Candidate has a B.Sc Data Science background and is applying for the AI/ML Engineer role. Has 0.0 years of experience with skills in Scikit-learn, Power BI, Machine Learning, NumPy. Completed 5 projects and earned 2 professional certifications. Has no internship experience. Interested in building practical solutions and working with modern technology."
CAND037,Varun Shinde,Data Analyst,MCA,2.4,"Git, NumPy, TensorFlow, HTML, NLP, Tableau, C++, Machine Learning",6,5,Yes,"Candidate has a MCA background and is applying for the Data Analyst role. Has 2.4 years of experience with skills in Git, NumPy, TensorFlow, HTML, NLP, Tableau, C++, Machine Learning. Completed 6 projects and earned 5 professional certifications. Completed an internship. Interested in building practical solutions and working with modern technology."
CAND038,Karan Pawar,Web Developer,MCA,1.8,"HTML, CSS, Node.js, Java, Git, SQL, Excel, Computer Vision",5,1,No,"Candidate has a MCA background and is applying for the Web Developer role. Has 1.8 years of experience with skills in HTML, CSS, Node.js, Java, Git, SQL, Excel, Computer Vision. Completed 5 projects and earned 1 professional certifications. Has no internship experience. Interested in building practical solutions and working with modern technology."
CAND039,Chetan Patil,AI/ML Engineer,M.Tech AI,4.6,"SQL, Python, NLP, Power BI, CSS, Linux, Git",0,0,Yes,"Candidate has a M.Tech AI background and is applying for the AI/ML Engineer role. Has 4.6 years of experience with skills in SQL, Python, NLP, Power BI, CSS, Linux, Git. Completed 0 projects and earned 0 professional certifications. Completed an internship. Interested in building practical solutions and working with modern technology."
CAND040,Ananya Bhosale,Data Analyst,B.Tech CSE,2.6,"Power BI, Data Visualization, Pandas, Java, TensorFlow",1,1,No,"Candidate has a B.Tech CSE background and is applying for the Data Analyst role. Has 2.6 years of experience with skills in Power BI, Data Visualization, Pandas, Java, TensorFlow. Completed 1 projects and earned 1 professional certifications. Has no internship experience. Interested in building practical solutions and working with modern technology."
CAND041,Kavya Thakur,Data Scientist,B.Sc Data Science,4.2,"TensorFlow, Pandas, Python, NumPy, Machine Learning, Power BI, Java, Tableau",1,4,Yes,"Candidate has a B.Sc Data Science background and is applying for the Data Scientist role. Has 4.2 years of experience with skills in TensorFlow, Pandas, Python, NumPy, Machine Learning, Power BI, Java, Tableau. Completed 1 projects and earned 4 professional certifications. Completed an internship. Interested in building practical solutions and working with modern technology."
CAND042,Sameer Deshmukh,AI/ML Engineer,M.Tech AI,0.7,"Python, Computer Vision, SQL, TensorFlow",5,5,No,"Candidate has a M.Tech AI background and is applying for the AI/ML Engineer role. Has 0.7 years of experience with skills in Python, Computer Vision, SQL, TensorFlow. Completed 5 projects and earned 5 professional certifications. Has no internship experience. Interested in building practical solutions and working with modern technology."
CAND043,Yash Shinde,AI/ML Engineer,B.Tech CSE,1.9,"HTML, PyTorch, Statistics, Pandas, NumPy, Node.js, NLP, Power BI",3,0,No,"Candidate has a B.Tech CSE background and is applying for the AI/ML Engineer role. Has 1.9 years of experience with skills in HTML, PyTorch, Statistics, Pandas, NumPy, Node.js, NLP, Power BI. Completed 3 projects and earned 0 professional certifications. Has no internship experience. Interested in building practical solutions and working with modern technology."
CAND044,Pooja Patil,Web Developer,BCA,5.6,"Node.js, HTML, Java, JavaScript, CSS, SQL, Git, OOP",5,2,No,"Candidate has a BCA background and is applying for the Web Developer role. Has 5.6 years of experience with skills in Node.js, HTML, Java, JavaScript, CSS, SQL, Git, OOP. Completed 5 projects and earned 2 professional certifications. Has no internship experience. Interested in building practical solutions and working with modern technology."
CAND045,Akash Mehta,Data Analyst,B.Tech CSE,4.5,"Data Visualization, Tableau, SQL, Power BI",7,3,Yes,"Candidate has a B.Tech CSE background and is applying for the Data Analyst role. Has 4.5 years of experience with skills in Data Visualization, Tableau, SQL, Power BI. Completed 7 projects and earned 3 professional certifications. Completed an internship. Interested in building practical solutions and working with modern technology."
CAND046,Ishaan Singh,Web Developer,BCA,2.3,"Git, Node.js, Java, REST API, React",7,2,No,"Candidate has a BCA background and is applying for the Web Developer role. Has 2.3 years of experience with skills in Git, Node.js, Java, REST API, React. Completed 7 projects and earned 2 professional certifications. Has no internship experience. Interested in building practical solutions and working with modern technology."
CAND047,Ananya Kulkarni,Data Scientist,B.Tech AIDS,4.1,"Pandas, Power BI, Scikit-learn, Statistics, HTML, TensorFlow",8,4,No,"Candidate has a B.Tech AIDS background and is applying for the Data Scientist role. Has 4.1 years of experience with skills in Pandas, Power BI, Scikit-learn, Statistics, HTML, TensorFlow. Completed 8 projects and earned 4 professional certifications. Has no internship experience. Interested in building practical solutions and working with modern technology."
CAND048,Ananya Patil,Software Engineer,B.Tech IT,4.9,"REST API, C++, Linux, Computer Vision, PyTorch, JavaScript",2,5,No,"Candidate has a B.Tech IT background and is applying for the Software Engineer role. Has 4.9 years of experience with skills in REST API, C++, Linux, Computer Vision, PyTorch, JavaScript. Completed 2 projects and earned 5 professional certifications. Has no internship experience. Interested in building practical solutions and working with modern technology."
CAND049,Tanya Bhosale,Data Analyst,B.Sc Statistics,3.4,"Excel, Python, Data Visualization, Power BI, Statistics, Computer Vision, Node.js",0,1,Yes,"Candidate has a B.Sc Statistics background and is applying for the Data Analyst role. Has 3.4 years of experience with skills in Excel, Python, Data Visualization, Power BI, Statistics, Computer Vision, Node.js. Completed 0 projects and earned 1 professional certifications. Completed an internship. Interested in building practical solutions and working with modern technology."
CAND050,Riya Joshi,Software Engineer,B.Tech CSE,6.0,"DSA, Git, REST API, Linux, C++",6,2,Yes,"Candidate has a B.Tech CSE background and is applying for the Software Engineer role. Has 6.0 years of experience with skills in DSA, Git, REST API, Linux, C++. Completed 6 projects and earned 2 professional certifications. Completed an internship. Interested in building practical solutions and working with modern technology."
CAND051,Diya Mehta,Web Developer,B.Tech IT,2.9,"Java, JavaScript, React, HTML, Deep Learning, C++",7,2,Yes,"Candidate has a B.Tech IT background and is applying for the Web Developer role. Has 2.9 years of experience with skills in Java, JavaScript, React, HTML, Deep Learning, C++. Completed 7 projects and earned 2 professional certifications. Completed an internship. Interested in building practical solutions and working with modern technology."
CAND052,Akash Sharma,Software Engineer,MCA,1.6,"DSA, Git, Java, OOP",2,2,Yes,"Candidate has a MCA background and is applying for the Software Engineer role. Has 1.6 years of experience with skills in DSA, Git, Java, OOP. Completed 2 projects and earned 2 professional certifications. Completed an internship. Interested in building practical solutions and working with modern technology."
CAND053,Nikhil Verma,Web Developer,B.Tech AIDS,6.6,"Power BI, Java, Node.js, DSA, Statistics, React, Tableau, Machine Learning",8,4,No,"Candidate has a B.Tech AIDS background and is applying for the Web Developer role. Has 6.6 years of experience with skills in Power BI, Java, Node.js, DSA, Statistics, React, Tableau, Machine Learning. Completed 8 projects and earned 4 professional certifications. Has no internship experience. Interested in building practical solutions and working with modern technology."
CAND054,Rahul Sharma,Data Analyst,B.Tech AIDS,4.1,"PyTorch, HTML, C++, Computer Vision, Git, REST API, Power BI",0,5,No,"Candidate has a B.Tech AIDS background and is applying for the Data Analyst role. Has 4.1 years of experience with skills in PyTorch, HTML, C++, Computer Vision, Git, REST API, Power BI. Completed 0 projects and earned 5 professional certifications. Has no internship experience. Interested in building practical solutions and working with modern technology."
CAND055,Meera More,Web Developer,BCA,2.3,"JavaScript, SQL, Node.js, Java, HTML, PyTorch, NumPy, Pandas",1,1,No,"Candidate has a BCA background and is applying for the Web Developer role. Has 2.3 years of experience with skills in JavaScript, SQL, Node.js, Java, HTML, PyTorch, NumPy, Pandas. Completed 1 projects and earned 1 professional certifications. Has no internship experience. Interested in building practical solutions and working with modern technology."
CAND056,Aditi Kulkarni,Software Engineer,MCA,4.6,"SQL, OOP, C++, Data Visualization, TensorFlow, NLP, Power BI, CSS",8,3,No,"Candidate has a MCA background and is applying for the Software Engineer role. Has 4.6 years of experience with skills in SQL, OOP, C++, Data Visualization, TensorFlow, NLP, Power BI, CSS. Completed 8 projects and earned 3 professional certifications. Has no internship experience. Interested in building practical solutions and working with modern technology."
CAND057,Ananya Patil,Data Analyst,B.Sc Statistics,6.5,"Python, Node.js, Scikit-learn, CSS, Excel, HTML, Pandas, Data Visualization",7,5,No,"Candidate has a B.Sc Statistics background and is applying for the Data Analyst role. Has 6.5 years of experience with skills in Python, Node.js, Scikit-learn, CSS, Excel, HTML, Pandas, Data Visualization. Completed 7 projects and earned 5 professional certifications. Has no internship experience. Interested in building practical solutions and working with modern technology."
CAND058,Om Gupta,Data Analyst,B.Tech CSE,6.6,"Statistics, Python, SQL, DSA, Node.js",2,3,No,"Candidate has a B.Tech CSE background and is applying for the Data Analyst role. Has 6.6 years of experience with skills in Statistics, Python, SQL, DSA, Node.js. Completed 2 projects and earned 3 professional certifications. Has no internship experience. Interested in building practical solutions and working with modern technology."
CAND059,Varun Patil,AI/ML Engineer,M.Sc AI,1.9,"Computer Vision, TensorFlow, PyTorch, Scikit-learn, Tableau, Deep Learning, DSA",6,2,No,"Candidate has a M.Sc AI background and is applying for the AI/ML Engineer role. Has 1.9 years of experience with skills in Computer Vision, TensorFlow, PyTorch, Scikit-learn, Tableau, Deep Learning, DSA. Completed 6 projects and earned 2 professional certifications. Has no internship experience. Interested in building practical solutions and working with modern technology."
CAND060,Rahul Khan,Software Engineer,B.Tech AIDS,3.2,"C++, Linux, OOP, DSA, REST API, Git, SQL, Pandas",5,1,Yes,"Candidate has a B.Tech AIDS background and is applying for the Software Engineer role. Has 3.2 years of experience with skills in C++, Linux, OOP, DSA, REST API, Git, SQL, Pandas. Completed 5 projects and earned 1 professional certifications. Completed an internship. Interested in building practical solutions and working with modern technology."
CAND061,Om Bhosale,Web Developer,BCA,6.9,"SQL, REST API, Node.js, Git",7,0,Yes,"Candidate has a BCA background and is applying for the Web Developer role. Has 6.9 years of experience with skills in SQL, REST API, Node.js, Git. Completed 7 projects and earned 0 professional certifications. Completed an internship. Interested in building practical solutions and working with modern technology."
CAND062,Rohan Verma,Software Engineer,B.Tech CSE,5.5,"Java, C++, DSA, SQL, Python, REST API, Power BI",4,2,No,"Candidate has a B.Tech CSE background and is applying for the Software Engineer role. Has 5.5 years of experience with skills in Java, C++, DSA, SQL, Python, REST API, Power BI. Completed 4 projects and earned 2 professional certifications. Has no internship experience. Interested in building practical solutions and working with modern technology."
CAND063,Meera Joshi,Software Engineer,M.Tech CSE,0.5,"Python, React, Scikit-learn, NumPy, Pandas, CSS, PyTorch",4,1,Yes,"Candidate has a M.Tech CSE background and is applying for the Software Engineer role. Has 0.5 years of experience with skills in Python, React, Scikit-learn, NumPy, Pandas, CSS, PyTorch. Completed 4 projects and earned 1 professional certifications. Completed an internship. Interested in building practical solutions and working with modern technology."
CAND064,Om Mishra,Data Scientist,M.Tech AI,2.5,"Python, Scikit-learn, TensorFlow, CSS, Java",6,1,Yes,"Candidate has a M.Tech AI background and is applying for the Data Scientist role. Has 2.5 years of experience with skills in Python, Scikit-learn, TensorFlow, CSS, Java. Completed 6 projects and earned 1 professional certifications. Completed an internship. Interested in building practical solutions and working with modern technology."
CAND065,Rohan Gupta,Data Analyst,MCA,6.4,"Statistics, Tableau, Pandas, Git, NumPy",2,1,No,"Candidate has a MCA background and is applying for the Data Analyst role. Has 6.4 years of experience with skills in Statistics, Tableau, Pandas, Git, NumPy. Completed 2 projects and earned 1 professional certifications. Has no internship experience. Interested in building practical solutions and working with modern technology."
CAND066,Rohan Mishra,AI/ML Engineer,M.Tech AI,1.1,"Node.js, Java, REST API, Pandas",7,2,No,"Candidate has a M.Tech AI background and is applying for the AI/ML Engineer role. Has 1.1 years of experience with skills in Node.js, Java, REST API, Pandas. Completed 7 projects and earned 2 professional certifications. Has no internship experience. Interested in building practical solutions and working with modern technology."
CAND067,Ishaan Patil,Software Engineer,MCA,4.0,"Linux, Python, REST API, DSA, OOP, C++",4,0,No,"Candidate has a MCA background and is applying for the Software Engineer role. Has 4.0 years of experience with skills in Linux, Python, REST API, DSA, OOP, C++. Completed 4 projects and earned 0 professional certifications. Has no internship experience. Interested in building practical solutions and working with modern technology."
CAND068,Diya Kulkarni,Data Analyst,MCA,5.4,"SQL, NumPy, Tableau, Java",3,4,No,"Candidate has a MCA background and is applying for the Data Analyst role. Has 5.4 years of experience with skills in SQL, NumPy, Tableau, Java. Completed 3 projects and earned 4 professional certifications. Has no internship experience. Interested in building practical solutions and working with modern technology."
CAND069,Karan Mishra,Data Analyst,B.Sc Statistics,2.6,"Tableau, Statistics, Power BI, CSS, PyTorch",2,0,No,"Candidate has a B.Sc Statistics background and is applying for the Data Analyst role. Has 2.6 years of experience with skills in Tableau, Statistics, Power BI, CSS, PyTorch. Completed 2 projects and earned 0 professional certifications. Has no internship experience. Interested in building practical solutions and working with modern technology."
CAND070,Tanya Joshi,Web Developer,B.Tech IT,1.8,"Linux, OOP, HTML, Tableau, Deep Learning",7,2,No,"Candidate has a B.Tech IT background and is applying for the Web Developer role. Has 1.8 years of experience with skills in Linux, OOP, HTML, Tableau, Deep Learning. Completed 7 projects and earned 2 professional certifications. Has no internship experience. Interested in building practical solutions and working with modern technology."
CAND071,Tanya Khan,AI/ML Engineer,B.Tech AIDS,6.8,"Git, TensorFlow, REST API, SQL, Machine Learning",8,2,Yes,"Candidate has a B.Tech AIDS background and is applying for the AI/ML Engineer role. Has 6.8 years of experience with skills in Git, TensorFlow, REST API, SQL, Machine Learning. Completed 8 projects and earned 2 professional certifications. Completed an internship. Interested in building practical solutions and working with modern technology."
CAND072,Rohan Verma,Data Scientist,B.Sc Data Science,3.3,"NumPy, TensorFlow, Statistics, Scikit-learn, SQL, DSA, React, Git",8,2,Yes,"Candidate has a B.Sc Data Science background and is applying for the Data Scientist role. Has 3.3 years of experience with skills in NumPy, TensorFlow, Statistics, Scikit-learn, SQL, DSA, React, Git. Completed 8 projects and earned 2 professional certifications. Completed an internship. Interested in building practical solutions and working with modern technology."
CAND073,Rahul Deshmukh,AI/ML Engineer,M.Tech AI,2.7,"Python, PyTorch, TensorFlow, DSA, Git, Pandas, Data Visualization",5,5,No,"Candidate has a M.Tech AI background and is applying for the AI/ML Engineer role. Has 2.7 years of experience with skills in Python, PyTorch, TensorFlow, DSA, Git, Pandas, Data Visualization. Completed 5 projects and earned 5 professional certifications. Has no internship experience. Interested in building practical solutions and working with modern technology."
CAND074,Aditi Khan,AI/ML Engineer,B.Tech AIDS,0.7,"Python, NLP, Machine Learning, TensorFlow, SQL, Git, Linux",5,4,No,"Candidate has a B.Tech AIDS background and is applying for the AI/ML Engineer role. Has 0.7 years of experience with skills in Python, NLP, Machine Learning, TensorFlow, SQL, Git, Linux. Completed 5 projects and earned 4 professional certifications. Has no internship experience. Interested in building practical solutions and working with modern technology."
CAND075,Diya Deshmukh,Software Engineer,B.Tech IT,1.5,"Tableau, Node.js, Computer Vision, REST API",0,0,No,"Candidate has a B.Tech IT background and is applying for the Software Engineer role. Has 1.5 years of experience with skills in Tableau, Node.js, Computer Vision, REST API. Completed 0 projects and earned 0 professional certifications. Has no internship experience. Interested in building practical solutions and working with modern technology."
CAND076,Ishaan Deshmukh,Data Analyst,B.Tech CSE,6.1,"Pandas, Excel, Power BI, Tableau",5,1,Yes,"Candidate has a B.Tech CSE background and is applying for the Data Analyst role. Has 6.1 years of experience with skills in Pandas, Excel, Power BI, Tableau. Completed 5 projects and earned 1 professional certifications. Completed an internship. Interested in building practical solutions and working with modern technology."
CAND077,Aarav Raut,Web Developer,MCA,5.5,"DSA, REST API, C++, Data Visualization, Statistics, Linux",3,4,No,"Candidate has a MCA background and is applying for the Web Developer role. Has 5.5 years of experience with skills in DSA, REST API, C++, Data Visualization, Statistics, Linux. Completed 3 projects and earned 4 professional certifications. Has no internship experience. Interested in building practical solutions and working with modern technology."
CAND078,Nikhil Chavan,Software Engineer,B.Tech CSE,3.1,"OOP, DSA, SQL, Computer Vision, NumPy",5,4,Yes,"Candidate has a B.Tech CSE background and is applying for the Software Engineer role. Has 3.1 years of experience with skills in OOP, DSA, SQL, Computer Vision, NumPy. Completed 5 projects and earned 4 professional certifications. Completed an internship. Interested in building practical solutions and working with modern technology."
CAND079,Vidya Khan,Web Developer,MCA,3.2,"TensorFlow, REST API, OOP, Java",0,0,No,"Candidate has a MCA background and is applying for the Web Developer role. Has 3.2 years of experience with skills in TensorFlow, REST API, OOP, Java. Completed 0 projects and earned 0 professional certifications. Has no internship experience. Interested in building practical solutions and working with modern technology."
CAND080,Manish Naik,AI/ML Engineer,B.Tech AIDS,1.9,"Machine Learning, Scikit-learn, Deep Learning, PyTorch, SQL, Python, Data Visualization",8,5,No,"Candidate has a B.Tech AIDS background and is applying for the AI/ML Engineer role. Has 1.9 years of experience with skills in Machine Learning, Scikit-learn, Deep Learning, PyTorch, SQL, Python, Data Visualization. Completed 8 projects and earned 5 professional certifications. Has no internship experience. Interested in building practical solutions and working with modern technology."
CAND081,Manish Mishra,Data Analyst,B.Sc Statistics,6.2,"SQL, Statistics, Pandas, Python, Data Visualization, Power BI, NumPy",6,2,No,"Candidate has a B.Sc Statistics background and is applying for the Data Analyst role. Has 6.2 years of experience with skills in SQL, Statistics, Pandas, Python, Data Visualization, Power BI, NumPy. Completed 6 projects and earned 2 professional certifications. Has no internship experience. Interested in building practical solutions and working with modern technology."
CAND082,Rahul Thakur,Data Scientist,B.Sc Data Science,0.7,"Scikit-learn, SQL, Power BI, Pandas, Python, Computer Vision, NLP",5,1,Yes,"Candidate has a B.Sc Data Science background and is applying for the Data Scientist role. Has 0.7 years of experience with skills in Scikit-learn, SQL, Power BI, Pandas, Python, Computer Vision, NLP. Completed 5 projects and earned 1 professional certifications. Completed an internship. Interested in building practical solutions and working with modern technology."
CAND083,Sakshi More,Data Analyst,B.Sc Statistics,2.5,"Python, Excel, Tableau, Statistics",8,1,Yes,"Candidate has a B.Sc Statistics background and is applying for the Data Analyst role. Has 2.5 years of experience with skills in Python, Excel, Tableau, Statistics. Completed 8 projects and earned 1 professional certifications. Completed an internship. Interested in building practical solutions and working with modern technology."
CAND084,Riya Gupta,Web Developer,B.Tech CSE,5.7,"Linux, DSA, Scikit-learn, HTML, Power BI, Git",8,4,Yes,"Candidate has a B.Tech CSE background and is applying for the Web Developer role. Has 5.7 years of experience with skills in Linux, DSA, Scikit-learn, HTML, Power BI, Git. Completed 8 projects and earned 4 professional certifications. Completed an internship. Interested in building practical solutions and working with modern technology."
CAND085,Akash Chavan,Data Scientist,B.Tech AIDS,4.6,"Scikit-learn, Power BI, Python, Machine Learning, Statistics, REST API",1,1,Yes,"Candidate has a B.Tech AIDS background and is applying for the Data Scientist role. Has 4.6 years of experience with skills in Scikit-learn, Power BI, Python, Machine Learning, Statistics, REST API. Completed 1 projects and earned 1 professional certifications. Completed an internship. Interested in building practical solutions and working with modern technology."
CAND086,Sakshi Verma,Web Developer,BCA,6.2,"Node.js, React, REST API, JavaScript, Python, SQL, Computer Vision",2,1,Yes,"Candidate has a BCA background and is applying for the Web Developer role. Has 6.2 years of experience with skills in Node.js, React, REST API, JavaScript, Python, SQL, Computer Vision. Completed 2 projects and earned 1 professional certifications. Completed an internship. Interested in building practical solutions and working with modern technology."
CAND087,Aditi Singh,Software Engineer,MCA,0.8,"Git, OOP, Python, Linux, Java, C++, Power BI",7,4,No,"Candidate has a MCA background and is applying for the Software Engineer role. Has 0.8 years of experience with skills in Git, OOP, Python, Linux, Java, C++, Power BI. Completed 7 projects and earned 4 professional certifications. Has no internship experience. Interested in building practical solutions and working with modern technology."
CAND088,Sneha Mishra,AI/ML Engineer,B.Sc Data Science,2.0,"TensorFlow, Deep Learning, Computer Vision, SQL",1,0,No,"Candidate has a B.Sc Data Science background and is applying for the AI/ML Engineer role. Has 2.0 years of experience with skills in TensorFlow, Deep Learning, Computer Vision, SQL. Completed 1 projects and earned 0 professional certifications. Has no internship experience. Interested in building practical solutions and working with modern technology."
CAND089,Rahul Khan,Web Developer,B.Tech IT,0.1,"REST API, Node.js, HTML, Java, TensorFlow, CSS, OOP",1,2,No,"Candidate has a B.Tech IT background and is applying for the Web Developer role. Has 0.1 years of experience with skills in REST API, Node.js, HTML, Java, TensorFlow, CSS, OOP. Completed 1 projects and earned 2 professional certifications. Has no internship experience. Interested in building practical solutions and working with modern technology."
CAND090,Diya Mishra,AI/ML Engineer,M.Tech AI,6.4,"Deep Learning, SQL, Computer Vision, NLP",1,3,Yes,"Candidate has a M.Tech AI background and is applying for the AI/ML Engineer role. Has 6.4 years of experience with skills in Deep Learning, SQL, Computer Vision, NLP. Completed 1 projects and earned 3 professional certifications. Completed an internship. Interested in building practical solutions and working with modern technology."
CAND091,Sneha Deshmukh,Data Analyst,B.Sc Data Science,3.7,"Pandas, SQL, Excel, Statistics, Python, Power BI, Scikit-learn, DSA",3,2,No,"Candidate has a B.Sc Data Science background and is applying for the Data Analyst role. Has 3.7 years of experience with skills in Pandas, SQL, Excel, Statistics, Python, Power BI, Scikit-learn, DSA. Completed 3 projects and earned 2 professional certifications. Has no internship experience. Interested in building practical solutions and working with modern technology."
CAND092,Vidya Pawar,Web Developer,B.Tech CSE,3.2,"JavaScript, CSS, Git, Node.js, PyTorch",7,5,No,"Candidate has a B.Tech CSE background and is applying for the Web Developer role. Has 3.2 years of experience with skills in JavaScript, CSS, Git, Node.js, PyTorch. Completed 7 projects and earned 5 professional certifications. Has no internship experience. Interested in building practical solutions and working with modern technology."
CAND093,Aditi Jadhav,Web Developer,BCA,0.5,"React, HTML, JavaScript, REST API",7,3,Yes,"Candidate has a BCA background and is applying for the Web Developer role. Has 0.5 years of experience with skills in React, HTML, JavaScript, REST API. Completed 7 projects and earned 3 professional certifications. Completed an internship. Interested in building practical solutions and working with modern technology."
CAND094,Om Deshmukh,Software Engineer,B.Tech CSE,4.6,"Linux, Java, DSA, OOP",5,4,No,"Candidate has a B.Tech CSE background and is applying for the Software Engineer role. Has 4.6 years of experience with skills in Linux, Java, DSA, OOP. Completed 5 projects and earned 4 professional certifications. Has no internship experience. Interested in building practical solutions and working with modern technology."
CAND095,Sameer Shinde,Data Scientist,M.Tech AI,3.5,"Tableau, JavaScript, React, Computer Vision",2,0,Yes,"Candidate has a M.Tech AI background and is applying for the Data Scientist role. Has 3.5 years of experience with skills in Tableau, JavaScript, React, Computer Vision. Completed 2 projects and earned 0 professional certifications. Completed an internship. Interested in building practical solutions and working with modern technology."
CAND096,Ananya Thakur,AI/ML Engineer,B.Sc Data Science,5.5,"NLP, PyTorch, TensorFlow, Computer Vision, Deep Learning, Statistics, SQL, CSS",5,0,No,"Candidate has a B.Sc Data Science background and is applying for the AI/ML Engineer role. Has 5.5 years of experience with skills in NLP, PyTorch, TensorFlow, Computer Vision, Deep Learning, Statistics, SQL, CSS. Completed 5 projects and earned 0 professional certifications. Has no internship experience. Interested in building practical solutions and working with modern technology."
CAND097,Arjun Naik,AI/ML Engineer,M.Tech AI,4.6,"REST API, PyTorch, Data Visualization, JavaScript, Computer Vision, Power BI",5,2,No,"Candidate has a M.Tech AI background and is applying for the AI/ML Engineer role. Has 4.6 years of experience with skills in REST API, PyTorch, Data Visualization, JavaScript, Computer Vision, Power BI. Completed 5 projects and earned 2 professional certifications. Has no internship experience. Interested in building practical solutions and working with modern technology."
CAND098,Tanmay More,Data Scientist,B.Sc Data Science,2.5,"SQL, Machine Learning, Scikit-learn, TensorFlow, Pandas, Power BI, Linux, C++",2,1,No,"Candidate has a B.Sc Data Science background and is applying for the Data Scientist role. Has 2.5 years of experience with skills in SQL, Machine Learning, Scikit-learn, TensorFlow, Pandas, Power BI, Linux, C++. Completed 2 projects and earned 1 professional certifications. Has no internship experience. Interested in building practical solutions and working with modern technology."
CAND099,Bhavna Naik,Web Developer,B.Tech IT,0.9,"CSS, HTML, Node.js, JavaScript, React",6,1,Yes,"Candidate has a B.Tech IT background and is applying for the Web Developer role. Has 0.9 years of experience with skills in CSS, HTML, Node.js, JavaScript, React. Completed 6 projects and earned 1 professional certifications. Completed an internship. Interested in building practical solutions and working with modern technology."
CAND100,Isha More,Web Developer,BCA,5.5,"Git, React, SQL, Node.js",3,4,Yes,"Candidate has a BCA background and is applying for the Web Developer role. Has 5.5 years of experience with skills in Git, React, SQL, Node.js. Completed 3 projects and earned 4 professional certifications. Completed an internship. Interested in building practical solutions and working with modern technology."
CAND101,Vidya Gupta,Web Developer,B.Tech AIDS,6.8,"Node.js, Scikit-learn, Java, Tableau, Machine Learning, OOP, React, NLP",3,4,Yes,"Candidate has a B.Tech AIDS background and is applying for the Web Developer role. Has 6.8 years of experience with skills in Node.js, Scikit-learn, Java, Tableau, Machine Learning, OOP, React, NLP. Completed 3 projects and earned 4 professional certifications. Completed an internship. Interested in building practical solutions and working with modern technology."
CAND102,Akash Singh,Data Scientist,M.Tech AI,1.9,"Power BI, Machine Learning, SQL, Computer Vision, TensorFlow, Deep Learning",8,1,No,"Candidate has a M.Tech AI background and is applying for the Data Scientist role. Has 1.9 years of experience with skills in Power BI, Machine Learning, SQL, Computer Vision, TensorFlow, Deep Learning. Completed 8 projects and earned 1 professional certifications. Has no internship experience. Interested in building practical solutions and working with modern technology."
CAND103,Karan Joshi,AI/ML Engineer,M.Tech AI,7.0,"Scikit-learn, NLP, Machine Learning, TensorFlow",5,1,Yes,"Candidate has a M.Tech AI background and is applying for the AI/ML Engineer role. Has 7.0 years of experience with skills in Scikit-learn, NLP, Machine Learning, TensorFlow. Completed 5 projects and earned 1 professional certifications. Completed an internship. Interested in building practical solutions and working with modern technology."
CAND104,Varun Deshmukh,Software Engineer,B.Tech IT,6.3,"C++, Linux, DSA, OOP, Java",0,2,Yes,"Candidate has a B.Tech IT background and is applying for the Software Engineer role. Has 6.3 years of experience with skills in C++, Linux, DSA, OOP, Java. Completed 0 projects and earned 2 professional certifications. Completed an internship. Interested in building practical solutions and working with modern technology."
CAND105,Varun More,Data Analyst,MCA,5.6,"Tableau, SQL, Excel, DSA, CSS, HTML, Node.js, REST API",7,0,Yes,"Candidate has a MCA background and is applying for the Data Analyst role. Has 5.6 years of experience with skills in Tableau, SQL, Excel, DSA, CSS, HTML, Node.js, REST API. Completed 7 projects and earned 0 professional certifications. Completed an internship. Interested in building practical solutions and working with modern technology."
CAND106,Bhavna Verma,Data Analyst,BCA,4.3,"Excel, Data Visualization, Power BI, Python",3,4,No,"Candidate has a BCA background and is applying for the Data Analyst role. Has 4.3 years of experience with skills in Excel, Data Visualization, Power BI, Python. Completed 3 projects and earned 4 professional certifications. Has no internship experience. Interested in building practical solutions and working with modern technology."
CAND107,Kavya Gupta,Data Analyst,B.Sc Statistics,2.7,"Pandas, OOP, Statistics, C++",7,0,No,"Candidate has a B.Sc Statistics background and is applying for the Data Analyst role. Has 2.7 years of experience with skills in Pandas, OOP, Statistics, C++. Completed 7 projects and earned 0 professional certifications. Has no internship experience. Interested in building practical solutions and working with modern technology."
CAND108,Sameer More,Data Scientist,B.Sc Data Science,3.8,"Scikit-learn, SQL, Python, Linux",2,5,No,"Candidate has a B.Sc Data Science background and is applying for the Data Scientist role. Has 3.8 years of experience with skills in Scikit-learn, SQL, Python, Linux. Completed 2 projects and earned 5 professional certifications. Has no internship experience. Interested in building practical solutions and working with modern technology."
CAND109,Om Khan,Web Developer,B.Tech IT,5.5,"HTML, React, CSS, REST API",0,2,No,"Candidate has a B.Tech IT background and is applying for the Web Developer role. Has 5.5 years of experience with skills in HTML, React, CSS, REST API. Completed 0 projects and earned 2 professional certifications. Has no internship experience. Interested in building practical solutions and working with modern technology."
CAND110,Yash Khan,Data Analyst,B.Sc Data Science,5.6,"Tableau, Excel, Python, Statistics, Java, DSA",6,3,No,"Candidate has a B.Sc Data Science background and is applying for the Data Analyst role. Has 5.6 years of experience with skills in Tableau, Excel, Python, Statistics, Java, DSA. Completed 6 projects and earned 3 professional certifications. Has no internship experience. Interested in building practical solutions and working with modern technology."
CAND111,Karan Joshi,Software Engineer,B.Tech IT,4.2,"REST API, OOP, Git, Java, DSA, Computer Vision, Pandas",2,4,No,"Candidate has a B.Tech IT background and is applying for the Software Engineer role. Has 4.2 years of experience with skills in REST API, OOP, Git, Java, DSA, Computer Vision, Pandas. Completed 2 projects and earned 4 professional certifications. Has no internship experience. Interested in building practical solutions and working with modern technology."
CAND112,Akash Khan,Data Scientist,B.Sc Data Science,4.3,"SQL, Statistics, Power BI, Pandas, Python, TensorFlow",6,2,Yes,"Candidate has a B.Sc Data Science background and is applying for the Data Scientist role. Has 4.3 years of experience with skills in SQL, Statistics, Power BI, Pandas, Python, TensorFlow. Completed 6 projects and earned 2 professional certifications. Completed an internship. Interested in building practical solutions and working with modern technology."
CAND113,Tanmay Jadhav,Software Engineer,M.Tech CSE,3.1,"Data Visualization, TensorFlow, PyTorch, REST API, Statistics",2,0,Yes,"Candidate has a M.Tech CSE background and is applying for the Software Engineer role. Has 3.1 years of experience with skills in Data Visualization, TensorFlow, PyTorch, REST API, Statistics. Completed 2 projects and earned 0 professional certifications. Completed an internship. Interested in building practical solutions and working with modern technology."
CAND114,Diya Joshi,Software Engineer,MCA,2.6,"Linux, SQL, C++, DSA, Data Visualization, REST API, Excel, PyTorch",5,5,No,"Candidate has a MCA background and is applying for the Software Engineer role. Has 2.6 years of experience with skills in Linux, SQL, C++, DSA, Data Visualization, REST API, Excel, PyTorch. Completed 5 projects and earned 5 professional certifications. Has no internship experience. Interested in building practical solutions and working with modern technology."
CAND115,Arjun Verma,Data Scientist,B.Tech AIDS,4.9,"NumPy, Power BI, Scikit-learn, Node.js, Excel, REST API, Java",7,1,Yes,"Candidate has a B.Tech AIDS background and is applying for the Data Scientist role. Has 4.9 years of experience with skills in NumPy, Power BI, Scikit-learn, Node.js, Excel, REST API, Java. Completed 7 projects and earned 1 professional certifications. Completed an internship. Interested in building practical solutions and working with modern technology."
CAND116,Sameer Raut,AI/ML Engineer,B.Tech CSE,3.8,"Statistics, REST API, JavaScript, Tableau, Linux, React, Computer Vision",4,2,Yes,"Candidate has a B.Tech CSE background and is applying for the AI/ML Engineer role. Has 3.8 years of experience with skills in Statistics, REST API, JavaScript, Tableau, Linux, React, Computer Vision. Completed 4 projects and earned 2 professional certifications. Completed an internship. Interested in building practical solutions and working with modern technology."
CAND117,Riya Verma,Software Engineer,M.Tech CSE,2.5,"C++, DSA, Git, Linux, CSS",5,3,Yes,"Candidate has a M.Tech CSE background and is applying for the Software Engineer role. Has 2.5 years of experience with skills in C++, DSA, Git, Linux, CSS. Completed 5 projects and earned 3 professional certifications. Completed an internship. Interested in building practical solutions and working with modern technology."
CAND118,Nikhil Shinde,Data Scientist,B.Sc Data Science,0.9,"SQL, NumPy, OOP, NLP, Scikit-learn, Power BI, Computer Vision",5,5,Yes,"Candidate has a B.Sc Data Science background and is applying for the Data Scientist role. Has 0.9 years of experience with skills in SQL, NumPy, OOP, NLP, Scikit-learn, Power BI, Computer Vision. Completed 5 projects and earned 5 professional certifications. Completed an internship. Interested in building practical solutions and working with modern technology."
CAND119,Varun Joshi,Data Analyst,B.Sc Statistics,5.4,"Scikit-learn, Pandas, Python, Power BI, Deep Learning",2,3,Yes,"Candidate has a B.Sc Statistics background and is applying for the Data Analyst role. Has 5.4 years of experience with skills in Scikit-learn, Pandas, Python, Power BI, Deep Learning. Completed 2 projects and earned 3 professional certifications. Completed an internship. Interested in building practical solutions and working with modern technology."
CAND120,Rohan Mehta,Data Analyst,B.Tech CSE,1.4,"Power BI, Excel, Tableau, Statistics, Python, Java",8,2,Yes,"Candidate has a B.Tech CSE background and is applying for the Data Analyst role. Has 1.4 years of experience with skills in Power BI, Excel, Tableau, Statistics, Python, Java. Completed 8 projects and earned 2 professional certifications. Completed an internship. Interested in building practical solutions and working with modern technology."
CAND121,Varun Patil,Data Analyst,BCA,5.0,"Excel, SQL, Pandas, Tableau",5,4,Yes,"Candidate has a BCA background and is applying for the Data Analyst role. Has 5.0 years of experience with skills in Excel, SQL, Pandas, Tableau. Completed 5 projects and earned 4 professional certifications. Completed an internship. Interested in building practical solutions and working with modern technology."
CAND122,Akash Sharma,Data Scientist,B.Tech CSE,1.7,"TensorFlow, Python, Pandas, Scikit-learn, Power BI, Java, React, NumPy",6,2,No,"Candidate has a B.Tech CSE background and is applying for the Data Scientist role. Has 1.7 years of experience with skills in TensorFlow, Python, Pandas, Scikit-learn, Power BI, Java, React, NumPy. Completed 6 projects and earned 2 professional certifications. Has no internship experience. Interested in building practical solutions and working with modern technology."
CAND123,Karan Singh,Web Developer,BCA,6.8,"Node.js, JavaScript, Git, REST API, Machine Learning, TensorFlow, NLP",2,2,Yes,"Candidate has a BCA background and is applying for the Web Developer role. Has 6.8 years of experience with skills in Node.js, JavaScript, Git, REST API, Machine Learning, TensorFlow, NLP. Completed 2 projects and earned 2 professional certifications. Completed an internship. Interested in building practical solutions and working with modern technology."
CAND124,Chetan Raut,AI/ML Engineer,B.Tech AIDS,1.7,"Machine Learning, Python, Deep Learning, TensorFlow, React, NumPy",2,2,No,"Candidate has a B.Tech AIDS background and is applying for the AI/ML Engineer role. Has 1.7 years of experience with skills in Machine Learning, Python, Deep Learning, TensorFlow, React, NumPy. Completed 2 projects and earned 2 professional certifications. Has no internship experience. Interested in building practical solutions and working with modern technology."
CAND125,Isha More,AI/ML Engineer,B.Sc Data Science,1.5,"SQL, Python, Scikit-learn, TensorFlow, PyTorch, Node.js, Git",5,0,Yes,"Candidate has a B.Sc Data Science background and is applying for the AI/ML Engineer role. Has 1.5 years of experience with skills in SQL, Python, Scikit-learn, TensorFlow, PyTorch, Node.js, Git. Completed 5 projects and earned 0 professional certifications. Completed an internship. Interested in building practical solutions and working with modern technology."
CAND126,Rahul Thakur,Data Analyst,MCA,2.8,"SQL, Power BI, Data Visualization, Java, Tableau, Machine Learning, TensorFlow",0,3,Yes,"Candidate has a MCA background and is applying for the Data Analyst role. Has 2.8 years of experience with skills in SQL, Power BI, Data Visualization, Java, Tableau, Machine Learning, TensorFlow. Completed 0 projects and earned 3 professional certifications. Completed an internship. Interested in building practical solutions and working with modern technology."
CAND127,Tanmay Deshmukh,Web Developer,B.Tech AIDS,2.8,"REST API, Git, SQL, React, JavaScript, HTML, Data Visualization, DSA",5,4,No,"Candidate has a B.Tech AIDS background and is applying for the Web Developer role. Has 2.8 years of experience with skills in REST API, Git, SQL, React, JavaScript, HTML, Data Visualization, DSA. Completed 5 projects and earned 4 professional certifications. Has no internship experience. Interested in building practical solutions and working with modern technology."
CAND128,Zoya Naik,Web Developer,MCA,1.0,"HTML, REST API, CSS, Statistics, Machine Learning, Pandas, Power BI, OOP",8,1,No,"Candidate has a MCA background and is applying for the Web Developer role. Has 1.0 years of experience with skills in HTML, REST API, CSS, Statistics, Machine Learning, Pandas, Power BI, OOP. Completed 8 projects and earned 1 professional certifications. Has no internship experience. Interested in building practical solutions and working with modern technology."
CAND129,Kavya Pawar,Software Engineer,B.Tech IT,3.7,"SQL, Tableau, Java, Power BI, JavaScript, OOP, React",4,3,Yes,"Candidate has a B.Tech IT background and is applying for the Software Engineer role. Has 3.7 years of experience with skills in SQL, Tableau, Java, Power BI, JavaScript, OOP, React. Completed 4 projects and earned 3 professional certifications. Completed an internship. Interested in building practical solutions and working with modern technology."
CAND130,Arjun Singh,Data Scientist,M.Tech AI,4.1,"Statistics, NumPy, Scikit-learn, TensorFlow, PyTorch, Git, Tableau, CSS",2,4,No,"Candidate has a M.Tech AI background and is applying for the Data Scientist role. Has 4.1 years of experience with skills in Statistics, NumPy, Scikit-learn, TensorFlow, PyTorch, Git, Tableau, CSS. Completed 2 projects and earned 4 professional certifications. Has no internship experience. Interested in building practical solutions and working with modern technology."
CAND131,Vidya Sharma,Data Scientist,M.Sc Data Science,4.8,"Scikit-learn, TensorFlow, Machine Learning, Pandas",6,4,No,"Candidate has a M.Sc Data Science background and is applying for the Data Scientist role. Has 4.8 years of experience with skills in Scikit-learn, TensorFlow, Machine Learning, Pandas. Completed 6 projects and earned 4 professional certifications. Has no internship experience. Interested in building practical solutions and working with modern technology."
CAND132,Sakshi Gupta,Web Developer,MCA,6.4,"REST API, SQL, JavaScript, CSS, Java",5,4,No,"Candidate has a MCA background and is applying for the Web Developer role. Has 6.4 years of experience with skills in REST API, SQL, JavaScript, CSS, Java. Completed 5 projects and earned 4 professional certifications. Has no internship experience. Interested in building practical solutions and working with modern technology."
CAND133,Karan More,Data Analyst,B.Sc Data Science,2.0,"HTML, Pandas, Java, Git, Scikit-learn",3,5,No,"Candidate has a B.Sc Data Science background and is applying for the Data Analyst role. Has 2.0 years of experience with skills in HTML, Pandas, Java, Git, Scikit-learn. Completed 3 projects and earned 5 professional certifications. Has no internship experience. Interested in building practical solutions and working with modern technology."
CAND134,Rohan Gupta,Software Engineer,M.Tech CSE,2.0,"Git, SQL, REST API, Python, C++, Java",1,2,No,"Candidate has a M.Tech CSE background and is applying for the Software Engineer role. Has 2.0 years of experience with skills in Git, SQL, REST API, Python, C++, Java. Completed 1 projects and earned 2 professional certifications. Has no internship experience. Interested in building practical solutions and working with modern technology."
CAND135,Sakshi Chavan,AI/ML Engineer,B.Tech CSE,4.3,"HTML, Pandas, React, Data Visualization, DSA",3,1,Yes,"Candidate has a B.Tech CSE background and is applying for the AI/ML Engineer role. Has 4.3 years of experience with skills in HTML, Pandas, React, Data Visualization, DSA. Completed 3 projects and earned 1 professional certifications. Completed an internship. Interested in building practical solutions and working with modern technology."
CAND136,Rohan More,Web Developer,B.Tech IT,0.0,"Git, CSS, Node.js, REST API",8,1,No,"Candidate has a B.Tech IT background and is applying for the Web Developer role. Has 0.0 years of experience with skills in Git, CSS, Node.js, REST API. Completed 8 projects and earned 1 professional certifications. Has no internship experience. Interested in building practical solutions and working with modern technology."
CAND137,Tanya More,AI/ML Engineer,B.Tech CSE,2.9,"Machine Learning, TensorFlow, PyTorch, Statistics, CSS, Deep Learning",2,0,No,"Candidate has a B.Tech CSE background and is applying for the AI/ML Engineer role. Has 2.9 years of experience with skills in Machine Learning, TensorFlow, PyTorch, Statistics, CSS, Deep Learning. Completed 2 projects and earned 0 professional certifications. Has no internship experience. Interested in building practical solutions and working with modern technology."
CAND138,Ishaan Kulkarni,Web Developer,B.Tech AIDS,3.8,"Node.js, React, Java, SQL",7,1,No,"Candidate has a B.Tech AIDS background and is applying for the Web Developer role. Has 3.8 years of experience with skills in Node.js, React, Java, SQL. Completed 7 projects and earned 1 professional certifications. Has no internship experience. Interested in building practical solutions and working with modern technology."
CAND139,Bhavna Naik,Data Scientist,B.Sc Data Science,5.2,"Python, HTML, React, Deep Learning, C++",4,4,Yes,"Candidate has a B.Sc Data Science background and is applying for the Data Scientist role. Has 5.2 years of experience with skills in Python, HTML, React, Deep Learning, C++. Completed 4 projects and earned 4 professional certifications. Completed an internship. Interested in building practical solutions and working with modern technology."
CAND140,Isha Bhosale,AI/ML Engineer,M.Sc AI,2.7,"Machine Learning, Deep Learning, Scikit-learn, TensorFlow, SQL, Computer Vision, C++, JavaScript",7,2,No,"Candidate has a M.Sc AI background and is applying for the AI/ML Engineer role. Has 2.7 years of experience with skills in Machine Learning, Deep Learning, Scikit-learn, TensorFlow, SQL, Computer Vision, C++, JavaScript. Completed 7 projects and earned 2 professional certifications. Has no internship experience. Interested in building practical solutions and working with modern technology."
CAND141,Sameer Joshi,Data Analyst,B.Tech AIDS,2.8,"Python, Pandas, Data Visualization, Power BI, JavaScript, Excel",8,5,No,"Candidate has a B.Tech AIDS background and is applying for the Data Analyst role. Has 2.8 years of experience with skills in Python, Pandas, Data Visualization, Power BI, JavaScript, Excel. Completed 8 projects and earned 5 professional certifications. Has no internship experience. Interested in building practical solutions and working with modern technology."
CAND142,Tanmay Singh,Software Engineer,B.Tech AIDS,3.8,"Linux, C++, DSA, SQL, React, Node.js, OOP, Tableau",7,4,Yes,"Candidate has a B.Tech AIDS background and is applying for the Software Engineer role. Has 3.8 years of experience with skills in Linux, C++, DSA, SQL, React, Node.js, OOP, Tableau. Completed 7 projects and earned 4 professional certifications. Completed an internship. Interested in building practical solutions and working with modern technology."
CAND143,Sakshi Kulkarni,Data Analyst,B.Tech AIDS,1.2,"SQL, Tableau, Python, Pandas, Data Visualization, REST API, PyTorch, Deep Learning",8,3,Yes,"Candidate has a B.Tech AIDS background and is applying for the Data Analyst role. Has 1.2 years of experience with skills in SQL, Tableau, Python, Pandas, Data Visualization, REST API, PyTorch, Deep Learning. Completed 8 projects and earned 3 professional certifications. Completed an internship. Interested in building practical solutions and working with modern technology."
CAND144,Pooja Shinde,Data Analyst,B.Sc Data Science,3.6,"Node.js, Statistics, CSS, Data Visualization",7,4,Yes,"Candidate has a B.Sc Data Science background and is applying for the Data Analyst role. Has 3.6 years of experience with skills in Node.js, Statistics, CSS, Data Visualization. Completed 7 projects and earned 4 professional certifications. Completed an internship. Interested in building practical solutions and working with modern technology."
CAND145,Aditi Mehta,Software Engineer,B.Tech CSE,3.8,"DSA, Python, Java, NumPy, NLP, Statistics, Computer Vision",0,0,No,"Candidate has a B.Tech CSE background and is applying for the Software Engineer role. Has 3.8 years of experience with skills in DSA, Python, Java, NumPy, NLP, Statistics, Computer Vision. Completed 0 projects and earned 0 professional certifications. Has no internship experience. Interested in building practical solutions and working with modern technology."
CAND146,Sakshi Thakur,AI/ML Engineer,B.Tech CSE,3.1,"SQL, Python, NLP, Linux, Machine Learning",6,3,Yes,"Candidate has a B.Tech CSE background and is applying for the AI/ML Engineer role. Has 3.1 years of experience with skills in SQL, Python, NLP, Linux, Machine Learning. Completed 6 projects and earned 3 professional certifications. Completed an internship. Interested in building practical solutions and working with modern technology."
CAND147,Sakshi Thakur,Web Developer,B.Tech AIDS,5.8,"REST API, JavaScript, Node.js, CSS",0,2,No,"Candidate has a B.Tech AIDS background and is applying for the Web Developer role. Has 5.8 years of experience with skills in REST API, JavaScript, Node.js, CSS. Completed 0 projects and earned 2 professional certifications. Has no internship experience. Interested in building practical solutions and working with modern technology."
CAND148,Diya Kulkarni,AI/ML Engineer,B.Sc Data Science,0.2,"Git, Node.js, Linux, Data Visualization, HTML, Excel, DSA",6,4,Yes,"Candidate has a B.Sc Data Science background and is applying for the AI/ML Engineer role. Has 0.2 years of experience with skills in Git, Node.js, Linux, Data Visualization, HTML, Excel, DSA. Completed 6 projects and earned 4 professional certifications. Completed an internship. Interested in building practical solutions and working with modern technology."
CAND149,Diya Bhosale,Data Scientist,B.Tech CSE,6.0,"Pandas, Python, Power BI, Node.js, Git, PyTorch, Excel, TensorFlow",0,1,No,"Candidate has a B.Tech CSE background and is applying for the Data Scientist role. Has 6.0 years of experience with skills in Pandas, Python, Power BI, Node.js, Git, PyTorch, Excel, TensorFlow. Completed 0 projects and earned 1 professional certifications. Has no internship experience. Interested in building practical solutions and working with modern technology."
CAND150,Rohan Mishra,Software Engineer,M.Tech CSE,2.9,"Tableau, JavaScript, Git, Java, Data Visualization, REST API, OOP, Statistics",4,0,Yes,"Candidate has a M.Tech CSE background and is applying for the Software Engineer role. Has 2.9 years of experience with skills in Tableau, JavaScript, Git, Java, Data Visualization, REST API, OOP, Statistics. Completed 4 projects and earned 0 professional certifications. Completed an internship. Interested in building practical solutions and working with modern technology."
CAND151,Isha Khan,Data Analyst,B.Sc Data Science,3.7,"Python, REST API, Machine Learning, Statistics",6,3,Yes,"Candidate has a B.Sc Data Science background and is applying for the Data Analyst role. Has 3.7 years of experience with skills in Python, REST API, Machine Learning, Statistics. Completed 6 projects and earned 3 professional certifications. Completed an internship. Interested in building practical solutions and working with modern technology."
CAND152,Manish Singh,Web Developer,MCA,6.8,"React, JavaScript, SQL, Java, CSS, PyTorch, NumPy",8,4,Yes,"Candidate has a MCA background and is applying for the Web Developer role. Has 6.8 years of experience with skills in React, JavaScript, SQL, Java, CSS, PyTorch, NumPy. Completed 8 projects and earned 4 professional certifications. Completed an internship. Interested in building practical solutions and working with modern technology."
CAND153,Tanya Bhosale,Software Engineer,B.Tech IT,1.9,"SQL, Python, OOP, REST API, Linux, Java",0,0,Yes,"Candidate has a B.Tech IT background and is applying for the Software Engineer role. Has 1.9 years of experience with skills in SQL, Python, OOP, REST API, Linux, Java. Completed 0 projects and earned 0 professional certifications. Completed an internship. Interested in building practical solutions and working with modern technology."
CAND154,Pooja Pawar,Data Analyst,B.Tech CSE,4.9,"Tableau, Python, SQL, Pandas, Statistics, NumPy, Git",3,3,Yes,"Candidate has a B.Tech CSE background and is applying for the Data Analyst role. Has 4.9 years of experience with skills in Tableau, Python, SQL, Pandas, Statistics, NumPy, Git. Completed 3 projects and earned 3 professional certifications. Completed an internship. Interested in building practical solutions and working with modern technology."
CAND155,Kavya Pawar,Software Engineer,MCA,5.6,"OOP, REST API, C++, Linux, DSA, Power BI, Deep Learning",7,2,Yes,"Candidate has a MCA background and is applying for the Software Engineer role. Has 5.6 years of experience with skills in OOP, REST API, C++, Linux, DSA, Power BI, Deep Learning. Completed 7 projects and earned 2 professional certifications. Completed an internship. Interested in building practical solutions and working with modern technology."
CAND156,Manish Bhosale,AI/ML Engineer,B.Tech AIDS,2.1,"SQL, Data Visualization, C++, HTML, Pandas, Power BI, React, NLP",3,2,Yes,"Candidate has a B.Tech AIDS background and is applying for the AI/ML Engineer role. Has 2.1 years of experience with skills in SQL, Data Visualization, C++, HTML, Pandas, Power BI, React, NLP. Completed 3 projects and earned 2 professional certifications. Completed an internship. Interested in building practical solutions and working with modern technology."
CAND157,Zoya Thakur,Web Developer,BCA,1.2,"React, Git, Node.js, SQL, Java, Pandas, Deep Learning, NLP",8,3,Yes,"Candidate has a BCA background and is applying for the Web Developer role. Has 1.2 years of experience with skills in React, Git, Node.js, SQL, Java, Pandas, Deep Learning, NLP. Completed 8 projects and earned 3 professional certifications. Completed an internship. Interested in building practical solutions and working with modern technology."
CAND158,Akash Deshmukh,Data Scientist,M.Sc Data Science,5.4,"Computer Vision, Tableau, REST API, CSS",6,1,Yes,"Candidate has a M.Sc Data Science background and is applying for the Data Scientist role. Has 5.4 years of experience with skills in Computer Vision, Tableau, REST API, CSS. Completed 6 projects and earned 1 professional certifications. Completed an internship. Interested in building practical solutions and working with modern technology."
CAND159,Tanya Raut,Data Scientist,B.Tech AIDS,1.9,"Statistics, Power BI, Python, C++, Pandas, NLP, OOP, Tableau",4,0,No,"Candidate has a B.Tech AIDS background and is applying for the Data Scientist role. Has 1.9 years of experience with skills in Statistics, Power BI, Python, C++, Pandas, NLP, OOP, Tableau. Completed 4 projects and earned 0 professional certifications. Has no internship experience. Interested in building practical solutions and working with modern technology."
CAND160,Sameer Singh,Data Scientist,B.Tech CSE,6.7,"Power BI, NumPy, TensorFlow, SQL, HTML, Machine Learning, Computer Vision, Linux",7,4,Yes,"Candidate has a B.Tech CSE background and is applying for the Data Scientist role. Has 6.7 years of experience with skills in Power BI, NumPy, TensorFlow, SQL, HTML, Machine Learning, Computer Vision, Linux. Completed 7 projects and earned 4 professional certifications. Completed an internship. Interested in building practical solutions and working with modern technology."
CAND161,Vidya Mishra,Software Engineer,B.Tech CSE,0.1,"Git, Linux, Java, SQL",2,0,No,"Candidate has a B.Tech CSE background and is applying for the Software Engineer role. Has 0.1 years of experience with skills in Git, Linux, Java, SQL. Completed 2 projects and earned 0 professional certifications. Has no internship experience. Interested in building practical solutions and working with modern technology."
CAND162,Zoya Verma,Software Engineer,M.Tech CSE,4.8,"CSS, Git, Excel, TensorFlow",7,2,Yes,"Candidate has a M.Tech CSE background and is applying for the Software Engineer role. Has 4.8 years of experience with skills in CSS, Git, Excel, TensorFlow. Completed 7 projects and earned 2 professional certifications. Completed an internship. Interested in building practical solutions and working with modern technology."
CAND163,Sakshi Thakur,Software Engineer,M.Tech CSE,2.1,"SQL, Java, Python, OOP, Data Visualization, Tableau, NLP, Computer Vision",3,4,No,"Candidate has a M.Tech CSE background and is applying for the Software Engineer role. Has 2.1 years of experience with skills in SQL, Java, Python, OOP, Data Visualization, Tableau, NLP, Computer Vision. Completed 3 projects and earned 4 professional certifications. Has no internship experience. Interested in building practical solutions and working with modern technology."
CAND164,Karan Naik,Software Engineer,MCA,0.4,"React, SQL, Computer Vision, OOP, Linux",6,1,Yes,"Candidate has a MCA background and is applying for the Software Engineer role. Has 0.4 years of experience with skills in React, SQL, Computer Vision, OOP, Linux. Completed 6 projects and earned 1 professional certifications. Completed an internship. Interested in building practical solutions and working with modern technology."
CAND165,Sakshi Bhosale,Data Analyst,BCA,2.5,"JavaScript, C++, Python, HTML, Node.js, NumPy, Git",6,3,Yes,"Candidate has a BCA background and is applying for the Data Analyst role. Has 2.5 years of experience with skills in JavaScript, C++, Python, HTML, Node.js, NumPy, Git. Completed 6 projects and earned 3 professional certifications. Completed an internship. Interested in building practical solutions and working with modern technology."
CAND166,Akash Patil,AI/ML Engineer,B.Tech AIDS,5.2,"Machine Learning, Scikit-learn, Deep Learning, SQL, Node.js, Tableau, React, Data Visualization",5,2,Yes,"Candidate has a B.Tech AIDS background and is applying for the AI/ML Engineer role. Has 5.2 years of experience with skills in Machine Learning, Scikit-learn, Deep Learning, SQL, Node.js, Tableau, React, Data Visualization. Completed 5 projects and earned 2 professional certifications. Completed an internship. Interested in building practical solutions and working with modern technology."
CAND167,Aarav Verma,Software Engineer,MCA,3.9,"DSA, Data Visualization, Computer Vision, Deep Learning, NLP, Node.js",8,3,Yes,"Candidate has a MCA background and is applying for the Software Engineer role. Has 3.9 years of experience with skills in DSA, Data Visualization, Computer Vision, Deep Learning, NLP, Node.js. Completed 8 projects and earned 3 professional certifications. Completed an internship. Interested in building practical solutions and working with modern technology."
CAND168,Rahul Chavan,Software Engineer,M.Tech CSE,2.7,"Git, Java, C++, DSA",1,5,Yes,"Candidate has a M.Tech CSE background and is applying for the Software Engineer role. Has 2.7 years of experience with skills in Git, Java, C++, DSA. Completed 1 projects and earned 5 professional certifications. Completed an internship. Interested in building practical solutions and working with modern technology."
CAND169,Tanya Verma,Web Developer,BCA,3.0,"React, Git, CSS, HTML, SQL",6,2,No,"Candidate has a BCA background and is applying for the Web Developer role. Has 3.0 years of experience with skills in React, Git, CSS, HTML, SQL. Completed 6 projects and earned 2 professional certifications. Has no internship experience. Interested in building practical solutions and working with modern technology."
CAND170,Varun Naik,Software Engineer,B.Tech AIDS,0.9,"NumPy, PyTorch, Excel, Node.js, DSA",0,3,No,"Candidate has a B.Tech AIDS background and is applying for the Software Engineer role. Has 0.9 years of experience with skills in NumPy, PyTorch, Excel, Node.js, DSA. Completed 0 projects and earned 3 professional certifications. Has no internship experience. Interested in building practical solutions and working with modern technology."
CAND171,Sneha More,AI/ML Engineer,M.Tech AI,1.2,"PyTorch, NLP, Scikit-learn, SQL, Excel, OOP, JavaScript",6,2,No,"Candidate has a M.Tech AI background and is applying for the AI/ML Engineer role. Has 1.2 years of experience with skills in PyTorch, NLP, Scikit-learn, SQL, Excel, OOP, JavaScript. Completed 6 projects and earned 2 professional certifications. Has no internship experience. Interested in building practical solutions and working with modern technology."
CAND172,Sameer Kulkarni,Data Analyst,B.Tech CSE,5.4,"Pandas, Python, Tableau, SQL, Data Visualization, Excel",0,5,No,"Candidate has a B.Tech CSE background and is applying for the Data Analyst role. Has 5.4 years of experience with skills in Pandas, Python, Tableau, SQL, Data Visualization, Excel. Completed 0 projects and earned 5 professional certifications. Has no internship experience. Interested in building practical solutions and working with modern technology."
CAND173,Sakshi Deshmukh,AI/ML Engineer,M.Tech AI,1.0,"Statistics, NLP, REST API, NumPy",4,1,No,"Candidate has a M.Tech AI background and is applying for the AI/ML Engineer role. Has 1.0 years of experience with skills in Statistics, NLP, REST API, NumPy. Completed 4 projects and earned 1 professional certifications. Has no internship experience. Interested in building practical solutions and working with modern technology."
CAND174,Ananya Singh,AI/ML Engineer,M.Sc AI,5.5,"Computer Vision, Scikit-learn, PyTorch, Python",5,5,Yes,"Candidate has a M.Sc AI background and is applying for the AI/ML Engineer role. Has 5.5 years of experience with skills in Computer Vision, Scikit-learn, PyTorch, Python. Completed 5 projects and earned 5 professional certifications. Completed an internship. Interested in building practical solutions and working with modern technology."
CAND175,Nikhil Jadhav,Software Engineer,B.Tech IT,5.2,"SQL, Git, Java, Linux, REST API, C++, JavaScript, Python",8,4,Yes,"Candidate has a B.Tech IT background and is applying for the Software Engineer role. Has 5.2 years of experience with skills in SQL, Git, Java, Linux, REST API, C++, JavaScript, Python. Completed 8 projects and earned 4 professional certifications. Completed an internship. Interested in building practical solutions and working with modern technology."
CAND176,Karan Shinde,AI/ML Engineer,M.Sc AI,5.8,"NLP, Python, TensorFlow, SQL, Java, Node.js, Computer Vision, DSA",2,2,No,"Candidate has a M.Sc AI background and is applying for the AI/ML Engineer role. Has 5.8 years of experience with skills in NLP, Python, TensorFlow, SQL, Java, Node.js, Computer Vision, DSA. Completed 2 projects and earned 2 professional certifications. Has no internship experience. Interested in building practical solutions and working with modern technology."
CAND177,Sakshi Raut,Web Developer,MCA,0.8,"Git, REST API, JavaScript, Computer Vision, Linux, CSS, Statistics",5,5,Yes,"Candidate has a MCA background and is applying for the Web Developer role. Has 0.8 years of experience with skills in Git, REST API, JavaScript, Computer Vision, Linux, CSS, Statistics. Completed 5 projects and earned 5 professional certifications. Completed an internship. Interested in building practical solutions and working with modern technology."
CAND178,Manish Patil,Web Developer,MCA,4.4,"REST API, SQL, Java, CSS, Git",2,5,No,"Candidate has a MCA background and is applying for the Web Developer role. Has 4.4 years of experience with skills in REST API, SQL, Java, CSS, Git. Completed 2 projects and earned 5 professional certifications. Has no internship experience. Interested in building practical solutions and working with modern technology."
CAND179,Karan Kulkarni,Data Analyst,B.Tech CSE,4.0,"Python, Pandas, SQL, Statistics, Excel, Power BI, Computer Vision",8,1,No,"Candidate has a B.Tech CSE background and is applying for the Data Analyst role. Has 4.0 years of experience with skills in Python, Pandas, SQL, Statistics, Excel, Power BI, Computer Vision. Completed 8 projects and earned 1 professional certifications. Has no internship experience. Interested in building practical solutions and working with modern technology."
CAND180,Riya Raut,AI/ML Engineer,B.Tech AIDS,4.1,"Scikit-learn, NLP, PyTorch, TensorFlow, Computer Vision, SQL",5,2,No,"Candidate has a B.Tech AIDS background and is applying for the AI/ML Engineer role. Has 4.1 years of experience with skills in Scikit-learn, NLP, PyTorch, TensorFlow, Computer Vision, SQL. Completed 5 projects and earned 2 professional certifications. Has no internship experience. Interested in building practical solutions and working with modern technology."
CAND181,Rahul Khan,Software Engineer,M.Tech CSE,1.0,"SQL, Python, Linux, C++, Data Visualization, Excel, NLP, Tableau",6,3,Yes,"Candidate has a M.Tech CSE background and is applying for the Software Engineer role. Has 1.0 years of experience with skills in SQL, Python, Linux, C++, Data Visualization, Excel, NLP, Tableau. Completed 6 projects and earned 3 professional certifications. Completed an internship. Interested in building practical solutions and working with modern technology."
CAND182,Neha Deshmukh,AI/ML Engineer,B.Tech CSE,5.9,"Scikit-learn, Deep Learning, TensorFlow, SQL, Data Visualization, Excel, Linux",0,2,Yes,"Candidate has a B.Tech CSE background and is applying for the AI/ML Engineer role. Has 5.9 years of experience with skills in Scikit-learn, Deep Learning, TensorFlow, SQL, Data Visualization, Excel, Linux. Completed 0 projects and earned 2 professional certifications. Completed an internship. Interested in building practical solutions and working with modern technology."
CAND183,Ishaan Singh,Web Developer,BCA,4.0,"SQL, Git, Java, Node.js, REST API, React, Deep Learning, Computer Vision",3,2,Yes,"Candidate has a BCA background and is applying for the Web Developer role. Has 4.0 years of experience with skills in SQL, Git, Java, Node.js, REST API, React, Deep Learning, Computer Vision. Completed 3 projects and earned 2 professional certifications. Completed an internship. Interested in building practical solutions and working with modern technology."
CAND184,Pooja Sharma,Data Analyst,B.Sc Statistics,3.6,"Power BI, SQL, Scikit-learn, NumPy, Pandas",1,2,No,"Candidate has a B.Sc Statistics background and is applying for the Data Analyst role. Has 3.6 years of experience with skills in Power BI, SQL, Scikit-learn, NumPy, Pandas. Completed 1 projects and earned 2 professional certifications. Has no internship experience. Interested in building practical solutions and working with modern technology."
CAND185,Kavya Verma,AI/ML Engineer,B.Sc Data Science,1.7,"DSA, SQL, Tableau, Python, Scikit-learn",0,3,No,"Candidate has a B.Sc Data Science background and is applying for the AI/ML Engineer role. Has 1.7 years of experience with skills in DSA, SQL, Tableau, Python, Scikit-learn. Completed 0 projects and earned 3 professional certifications. Has no internship experience. Interested in building practical solutions and working with modern technology."
CAND186,Pooja Gupta,AI/ML Engineer,B.Tech AIDS,5.7,"Computer Vision, Deep Learning, PyTorch, Machine Learning, NLP",0,4,No,"Candidate has a B.Tech AIDS background and is applying for the AI/ML Engineer role. Has 5.7 years of experience with skills in Computer Vision, Deep Learning, PyTorch, Machine Learning, NLP. Completed 0 projects and earned 4 professional certifications. Has no internship experience. Interested in building practical solutions and working with modern technology."
CAND187,Vidya Deshmukh,Data Analyst,BCA,0.9,"Tableau, Data Visualization, Excel, Statistics, Python",6,0,No,"Candidate has a BCA background and is applying for the Data Analyst role. Has 0.9 years of experience with skills in Tableau, Data Visualization, Excel, Statistics, Python. Completed 6 projects and earned 0 professional certifications. Has no internship experience. Interested in building practical solutions and working with modern technology."
CAND188,Akash Verma,Web Developer,B.Tech IT,1.9,"SQL, Git, CSS, React, Scikit-learn",6,3,No,"Candidate has a B.Tech IT background and is applying for the Web Developer role. Has 1.9 years of experience with skills in SQL, Git, CSS, React, Scikit-learn. Completed 6 projects and earned 3 professional certifications. Has no internship experience. Interested in building practical solutions and working with modern technology."
CAND189,Vidya Verma,AI/ML Engineer,B.Sc Data Science,5.1,"SQL, Scikit-learn, Deep Learning, PyTorch, Python, Computer Vision",7,5,No,"Candidate has a B.Sc Data Science background and is applying for the AI/ML Engineer role. Has 5.1 years of experience with skills in SQL, Scikit-learn, Deep Learning, PyTorch, Python, Computer Vision. Completed 7 projects and earned 5 professional certifications. Has no internship experience. Interested in building practical solutions and working with modern technology."
CAND190,Rahul More,Data Analyst,B.Sc Data Science,5.8,"Tableau, Excel, NumPy, HTML, JavaScript",5,4,Yes,"Candidate has a B.Sc Data Science background and is applying for the Data Analyst role. Has 5.8 years of experience with skills in Tableau, Excel, NumPy, HTML, JavaScript. Completed 5 projects and earned 4 professional certifications. Completed an internship. Interested in building practical solutions and working with modern technology."
CAND191,Sameer Deshmukh,Software Engineer,B.Tech CSE,3.1,"Java, Python, Git, Linux",0,3,Yes,"Candidate has a B.Tech CSE background and is applying for the Software Engineer role. Has 3.1 years of experience with skills in Java, Python, Git, Linux. Completed 0 projects and earned 3 professional certifications. Completed an internship. Interested in building practical solutions and working with modern technology."
CAND192,Meera Verma,Software Engineer,B.Tech IT,2.8,"OOP, Python, C++, SQL, Linux, Computer Vision",4,5,Yes,"Candidate has a B.Tech IT background and is applying for the Software Engineer role. Has 2.8 years of experience with skills in OOP, Python, C++, SQL, Linux, Computer Vision. Completed 4 projects and earned 5 professional certifications. Completed an internship. Interested in building practical solutions and working with modern technology."
CAND193,Neha Verma,Data Scientist,B.Tech CSE,2.4,"Pandas, Statistics, Python, TensorFlow, Scikit-learn",1,3,Yes,"Candidate has a B.Tech CSE background and is applying for the Data Scientist role. Has 2.4 years of experience with skills in Pandas, Statistics, Python, TensorFlow, Scikit-learn. Completed 1 projects and earned 3 professional certifications. Completed an internship. Interested in building practical solutions and working with modern technology."
CAND194,Akash Chavan,Web Developer,BCA,1.0,"DSA, JavaScript, Linux, Java",2,5,Yes,"Candidate has a BCA background and is applying for the Web Developer role. Has 1.0 years of experience with skills in DSA, JavaScript, Linux, Java. Completed 2 projects and earned 5 professional certifications. Completed an internship. Interested in building practical solutions and working with modern technology."
CAND195,Tanmay Joshi,Data Analyst,B.Tech AIDS,6.0,"Pandas, Data Visualization, SQL, Statistics, Power BI, Excel, TensorFlow, OOP",1,0,Yes,"Candidate has a B.Tech AIDS background and is applying for the Data Analyst role. Has 6.0 years of experience with skills in Pandas, Data Visualization, SQL, Statistics, Power BI, Excel, TensorFlow, OOP. Completed 1 projects and earned 0 professional certifications. Completed an internship. Interested in building practical solutions and working with modern technology."
CAND196,Vidya Mehta,Data Analyst,MCA,1.7,"Pandas, Statistics, SQL, Data Visualization, Excel, Power BI, Computer Vision",4,5,Yes,"Candidate has a MCA background and is applying for the Data Analyst role. Has 1.7 years of experience with skills in Pandas, Statistics, SQL, Data Visualization, Excel, Power BI, Computer Vision. Completed 4 projects and earned 5 professional certifications. Completed an internship. Interested in building practical solutions and working with modern technology."
CAND197,Kavya Pawar,Web Developer,MCA,3.5,"React, HTML, SQL, CSS, Java, REST API, Data Visualization, JavaScript",1,4,Yes,"Candidate has a MCA background and is applying for the Web Developer role. Has 3.5 years of experience with skills in React, HTML, SQL, CSS, Java, REST API, Data Visualization, JavaScript. Completed 1 projects and earned 4 professional certifications. Completed an internship. Interested in building practical solutions and working with modern technology."
CAND198,Rohan Chavan,Web Developer,BCA,0.3,"Git, CSS, HTML, React, DSA, C++, Linux, Java",0,3,No,"Candidate has a BCA background and is applying for the Web Developer role. Has 0.3 years of experience with skills in Git, CSS, HTML, React, DSA, C++, Linux, Java. Completed 0 projects and earned 3 professional certifications. Has no internship experience. Interested in building practical solutions and working with modern technology."
CAND199,Isha Mishra,AI/ML Engineer,M.Sc AI,3.8,"PyTorch, Machine Learning, Deep Learning, Python, Power BI, Git, Data Visualization",6,4,Yes,"Candidate has a M.Sc AI background and is applying for the AI/ML Engineer role. Has 3.8 years of experience with skills in PyTorch, Machine Learning, Deep Learning, Python, Power BI, Git, Data Visualization. Completed 6 projects and earned 4 professional certifications. Completed an internship. Interested in building practical solutions and working with modern technology."
CAND200,Sameer Deshmukh,Web Developer,B.Tech CSE,2.2,"CSS, Git, React, SQL, HTML",2,0,Yes,"Candidate has a B.Tech CSE background and is applying for the Web Developer role. Has 2.2 years of experience with skills in CSS, Git, React, SQL, HTML. Completed 2 projects and earned 0 professional certifications. Completed an internship. Interested in building practical solutions and working with modern technology."
CAND201,Tanmay Patil,Data Scientist,B.Tech AIDS,0.9,"OOP, TensorFlow, Statistics, SQL, HTML, Deep Learning, Linux",4,5,Yes,"Candidate has a B.Tech AIDS background and is applying for the Data Scientist role. Has 0.9 years of experience with skills in OOP, TensorFlow, Statistics, SQL, HTML, Deep Learning, Linux. Completed 4 projects and earned 5 professional certifications. Completed an internship. Interested in building practical solutions and working with modern technology."
CAND202,Ishaan Joshi,Software Engineer,MCA,3.5,"Python, Linux, DSA, OOP, C++, Computer Vision",2,2,Yes,"Candidate has a MCA background and is applying for the Software Engineer role. Has 3.5 years of experience with skills in Python, Linux, DSA, OOP, C++, Computer Vision. Completed 2 projects and earned 2 professional certifications. Completed an internship. Interested in building practical solutions and working with modern technology."
CAND203,Bhavna Sharma,Data Analyst,MCA,0.3,"Python, Statistics, Data Visualization, HTML",5,3,Yes,"Candidate has a MCA background and is applying for the Data Analyst role. Has 0.3 years of experience with skills in Python, Statistics, Data Visualization, HTML. Completed 5 projects and earned 3 professional certifications. Completed an internship. Interested in building practical solutions and working with modern technology."
CAND204,Tanya Chavan,Data Analyst,MCA,0.8,"Statistics, Pandas, Excel, Data Visualization, Computer Vision, REST API, NLP",0,1,Yes,"Candidate has a MCA background and is applying for the Data Analyst role. Has 0.8 years of experience with skills in Statistics, Pandas, Excel, Data Visualization, Computer Vision, REST API, NLP. Completed 0 projects and earned 1 professional certifications. Completed an internship. Interested in building practical solutions and working with modern technology."
CAND205,Chetan Mehta,Data Scientist,M.Tech AI,0.6,"TensorFlow, Java, Scikit-learn, JavaScript",7,0,No,"Candidate has a M.Tech AI background and is applying for the Data Scientist role. Has 0.6 years of experience with skills in TensorFlow, Java, Scikit-learn, JavaScript. Completed 7 projects and earned 0 professional certifications. Has no internship experience. Interested in building practical solutions and working with modern technology."
CAND206,Karan Patil,Data Analyst,B.Sc Statistics,0.2,"Data Visualization, Statistics, SQL, Tableau, Pandas, Deep Learning, C++, Node.js",8,2,Yes,"Candidate has a B.Sc Statistics background and is applying for the Data Analyst role. Has 0.2 years of experience with skills in Data Visualization, Statistics, SQL, Tableau, Pandas, Deep Learning, C++, Node.js. Completed 8 projects and earned 2 professional certifications. Completed an internship. Interested in building practical solutions and working with modern technology."
CAND207,Yash Chavan,AI/ML Engineer,M.Tech AI,5.0,"Computer Vision, SQL, Python, Machine Learning",1,0,Yes,"Candidate has a M.Tech AI background and is applying for the AI/ML Engineer role. Has 5.0 years of experience with skills in Computer Vision, SQL, Python, Machine Learning. Completed 1 projects and earned 0 professional certifications. Completed an internship. Interested in building practical solutions and working with modern technology."
CAND208,Diya Mehta,AI/ML Engineer,M.Tech AI,0.5,"Computer Vision, Power BI, DSA, OOP, Data Visualization, Python, Machine Learning",0,3,Yes,"Candidate has a M.Tech AI background and is applying for the AI/ML Engineer role. Has 0.5 years of experience with skills in Computer Vision, Power BI, DSA, OOP, Data Visualization, Python, Machine Learning. Completed 0 projects and earned 3 professional certifications. Completed an internship. Interested in building practical solutions and working with modern technology."
CAND209,Bhavna Shinde,Software Engineer,B.Tech AIDS,5.5,"SQL, Linux, C++, Python, Java, Git, Deep Learning",1,1,Yes,"Candidate has a B.Tech AIDS background and is applying for the Software Engineer role. Has 5.5 years of experience with skills in SQL, Linux, C++, Python, Java, Git, Deep Learning. Completed 1 projects and earned 1 professional certifications. Completed an internship. Interested in building practical solutions and working with modern technology."
CAND210,Chetan Pawar,AI/ML Engineer,M.Tech AI,1.1,"TensorFlow, SQL, Deep Learning, Scikit-learn, Computer Vision, Data Visualization, DSA",4,5,Yes,"Candidate has a M.Tech AI background and is applying for the AI/ML Engineer role. Has 1.1 years of experience with skills in TensorFlow, SQL, Deep Learning, Scikit-learn, Computer Vision, Data Visualization, DSA. Completed 4 projects and earned 5 professional certifications. Completed an internship. Interested in building practical solutions and working with modern technology."
CAND211,Vidya Shinde,Web Developer,B.Tech CSE,1.8,"Machine Learning, OOP, CSS, REST API, Java",2,0,No,"Candidate has a B.Tech CSE background and is applying for the Web Developer role. Has 1.8 years of experience with skills in Machine Learning, OOP, CSS, REST API, Java. Completed 2 projects and earned 0 professional certifications. Has no internship experience. Interested in building practical solutions and working with modern technology."
CAND212,Rahul Bhosale,Data Analyst,MCA,1.4,"SQL, Statistics, Data Visualization, Python, Tableau, Power BI, HTML, Deep Learning",6,2,Yes,"Candidate has a MCA background and is applying for the Data Analyst role. Has 1.4 years of experience with skills in SQL, Statistics, Data Visualization, Python, Tableau, Power BI, HTML, Deep Learning. Completed 6 projects and earned 2 professional certifications. Completed an internship. Interested in building practical solutions and working with modern technology."
CAND213,Nikhil Sharma,Software Engineer,B.Tech CSE,0.9,"Excel, Python, Node.js, Statistics",5,0,Yes,"Candidate has a B.Tech CSE background and is applying for the Software Engineer role. Has 0.9 years of experience with skills in Excel, Python, Node.js, Statistics. Completed 5 projects and earned 0 professional certifications. Completed an internship. Interested in building practical solutions and working with modern technology."
CAND214,Nikhil Deshmukh,Web Developer,MCA,2.5,"Machine Learning, NumPy, C++, TensorFlow, REST API, NLP, Deep Learning",2,2,No,"Candidate has a MCA background and is applying for the Web Developer role. Has 2.5 years of experience with skills in Machine Learning, NumPy, C++, TensorFlow, REST API, NLP, Deep Learning. Completed 2 projects and earned 2 professional certifications. Has no internship experience. Interested in building practical solutions and working with modern technology."
CAND215,Rohan Thakur,Data Scientist,M.Sc Data Science,1.0,"Statistics, TensorFlow, NumPy, Pandas, Python, Computer Vision, HTML, Machine Learning",3,5,Yes,"Candidate has a M.Sc Data Science background and is applying for the Data Scientist role. Has 1.0 years of experience with skills in Statistics, TensorFlow, NumPy, Pandas, Python, Computer Vision, HTML, Machine Learning. Completed 3 projects and earned 5 professional certifications. Completed an internship. Interested in building practical solutions and working with modern technology."
CAND216,Aditi More,Data Scientist,M.Tech AI,2.2,"Scikit-learn, Power BI, Pandas, SQL, Machine Learning, Python",3,0,No,"Candidate has a M.Tech AI background and is applying for the Data Scientist role. Has 2.2 years of experience with skills in Scikit-learn, Power BI, Pandas, SQL, Machine Learning, Python. Completed 3 projects and earned 0 professional certifications. Has no internship experience. Interested in building practical solutions and working with modern technology."
CAND217,Kavya Raut,Data Analyst,B.Sc Statistics,5.3,"Deep Learning, DSA, Git, REST API, Statistics, HTML, Pandas, CSS",3,4,No,"Candidate has a B.Sc Statistics background and is applying for the Data Analyst role. Has 5.3 years of experience with skills in Deep Learning, DSA, Git, REST API, Statistics, HTML, Pandas, CSS. Completed 3 projects and earned 4 professional certifications. Has no internship experience. Interested in building practical solutions and working with modern technology."
CAND218,Akash Sharma,Web Developer,B.Tech IT,3.8,"HTML, Node.js, React, SQL, CSS, REST API, Git, Power BI",2,3,Yes,"Candidate has a B.Tech IT background and is applying for the Web Developer role. Has 3.8 years of experience with skills in HTML, Node.js, React, SQL, CSS, REST API, Git, Power BI. Completed 2 projects and earned 3 professional certifications. Completed an internship. Interested in building practical solutions and working with modern technology."
CAND219,Aarav Deshmukh,Web Developer,MCA,2.4,"HTML, Node.js, React, CSS, Git",2,2,Yes,"Candidate has a MCA background and is applying for the Web Developer role. Has 2.4 years of experience with skills in HTML, Node.js, React, CSS, Git. Completed 2 projects and earned 2 professional certifications. Completed an internship. Interested in building practical solutions and working with modern technology."
CAND220,Karan Mehta,Data Analyst,MCA,6.6,"TensorFlow, OOP, Linux, Computer Vision, React",6,4,Yes,"Candidate has a MCA background and is applying for the Data Analyst role. Has 6.6 years of experience with skills in TensorFlow, OOP, Linux, Computer Vision, React. Completed 6 projects and earned 4 professional certifications. Completed an internship. Interested in building practical solutions and working with modern technology."
CAND221,Diya Bhosale,Software Engineer,B.Tech IT,1.2,"NLP, Statistics, Python, NumPy, JavaScript",8,5,No,"Candidate has a B.Tech IT background and is applying for the Software Engineer role. Has 1.2 years of experience with skills in NLP, Statistics, Python, NumPy, JavaScript. Completed 8 projects and earned 5 professional certifications. Has no internship experience. Interested in building practical solutions and working with modern technology."
CAND222,Bhavna Naik,Web Developer,BCA,6.6,"Java, Data Visualization, Deep Learning, SQL, C++, React",6,4,Yes,"Candidate has a BCA background and is applying for the Web Developer role. Has 6.6 years of experience with skills in Java, Data Visualization, Deep Learning, SQL, C++, React. Completed 6 projects and earned 4 professional certifications. Completed an internship. Interested in building practical solutions and working with modern technology."
CAND223,Varun Pawar,Software Engineer,M.Tech CSE,1.7,"Linux, C++, REST API, Tableau, DSA",5,1,Yes,"Candidate has a M.Tech CSE background and is applying for the Software Engineer role. Has 1.7 years of experience with skills in Linux, C++, REST API, Tableau, DSA. Completed 5 projects and earned 1 professional certifications. Completed an internship. Interested in building practical solutions and working with modern technology."
CAND224,Bhavna Mishra,AI/ML Engineer,B.Tech AIDS,0.3,"NLP, PyTorch, Computer Vision, Data Visualization, Tableau, C++",7,5,No,"Candidate has a B.Tech AIDS background and is applying for the AI/ML Engineer role. Has 0.3 years of experience with skills in NLP, PyTorch, Computer Vision, Data Visualization, Tableau, C++. Completed 7 projects and earned 5 professional certifications. Has no internship experience. Interested in building practical solutions and working with modern technology."
CAND225,Akash Pawar,AI/ML Engineer,M.Sc AI,2.1,"SQL, TensorFlow, Machine Learning, NumPy, Computer Vision, CSS",5,2,Yes,"Candidate has a M.Sc AI background and is applying for the AI/ML Engineer role. Has 2.1 years of experience with skills in SQL, TensorFlow, Machine Learning, NumPy, Computer Vision, CSS. Completed 5 projects and earned 2 professional certifications. Completed an internship. Interested in building practical solutions and working with modern technology."
CAND226,Riya Mishra,Web Developer,BCA,4.9,"Pandas, Computer Vision, JavaScript, PyTorch, NumPy",6,5,Yes,"Candidate has a BCA background and is applying for the Web Developer role. Has 4.9 years of experience with skills in Pandas, Computer Vision, JavaScript, PyTorch, NumPy. Completed 6 projects and earned 5 professional certifications. Completed an internship. Interested in building practical solutions and working with modern technology."
CAND227,Rahul Thakur,Web Developer,B.Tech CSE,2.1,"SQL, React, Node.js, JavaScript",1,0,No,"Candidate has a B.Tech CSE background and is applying for the Web Developer role. Has 2.1 years of experience with skills in SQL, React, Node.js, JavaScript. Completed 1 projects and earned 0 professional certifications. Has no internship experience. Interested in building practical solutions and working with modern technology."
CAND228,Aarav Kulkarni,AI/ML Engineer,B.Tech CSE,4.4,"Machine Learning, PyTorch, Computer Vision, NLP",7,1,Yes,"Candidate has a B.Tech CSE background and is applying for the AI/ML Engineer role. Has 4.4 years of experience with skills in Machine Learning, PyTorch, Computer Vision, NLP. Completed 7 projects and earned 1 professional certifications. Completed an internship. Interested in building practical solutions and working with modern technology."
CAND229,Bhavna Jadhav,Web Developer,B.Tech AIDS,6.3,"React, SQL, Java, OOP",4,0,No,"Candidate has a B.Tech AIDS background and is applying for the Web Developer role. Has 6.3 years of experience with skills in React, SQL, Java, OOP. Completed 4 projects and earned 0 professional certifications. Has no internship experience. Interested in building practical solutions and working with modern technology."
CAND230,Akash Jadhav,AI/ML Engineer,M.Tech AI,3.9,"SQL, Scikit-learn, Deep Learning, Machine Learning, Computer Vision",2,5,Yes,"Candidate has a M.Tech AI background and is applying for the AI/ML Engineer role. Has 3.9 years of experience with skills in SQL, Scikit-learn, Deep Learning, Machine Learning, Computer Vision. Completed 2 projects and earned 5 professional certifications. Completed an internship. Interested in building practical solutions and working with modern technology."
CAND231,Manish Sharma,Data Analyst,B.Sc Data Science,6.2,"Statistics, Data Visualization, Tableau, Node.js, Power BI, React, OOP, PyTorch",7,2,Yes,"Candidate has a B.Sc Data Science background and is applying for the Data Analyst role. Has 6.2 years of experience with skills in Statistics, Data Visualization, Tableau, Node.js, Power BI, React, OOP, PyTorch. Completed 7 projects and earned 2 professional certifications. Completed an internship. Interested in building practical solutions and working with modern technology."
CAND232,Akash Mishra,Data Analyst,BCA,5.7,"REST API, PyTorch, Data Visualization, DSA, Node.js, Deep Learning, React, Excel",2,0,No,"Candidate has a BCA background and is applying for the Data Analyst role. Has 5.7 years of experience with skills in REST API, PyTorch, Data Visualization, DSA, Node.js, Deep Learning, React, Excel. Completed 2 projects and earned 0 professional certifications. Has no internship experience. Interested in building practical solutions and working with modern technology."
CAND233,Ananya Mishra,Web Developer,B.Tech IT,3.2,"CSS, SQL, React, NLP, Power BI, Linux, Java, Pandas",0,5,No,"Candidate has a B.Tech IT background and is applying for the Web Developer role. Has 3.2 years of experience with skills in CSS, SQL, React, NLP, Power BI, Linux, Java, Pandas. Completed 0 projects and earned 5 professional certifications. Has no internship experience. Interested in building practical solutions and working with modern technology."
CAND234,Aditi Raut,Web Developer,B.Tech IT,2.7,"CSS, REST API, SQL, JavaScript, Power BI, Machine Learning, Node.js, Java",7,4,No,"Candidate has a B.Tech IT background and is applying for the Web Developer role. Has 2.7 years of experience with skills in CSS, REST API, SQL, JavaScript, Power BI, Machine Learning, Node.js, Java. Completed 7 projects and earned 4 professional certifications. Has no internship experience. Interested in building practical solutions and working with modern technology."
CAND235,Aarav Pawar,Software Engineer,MCA,0.3,"Java, Git, C++, SQL, Python",7,2,No,"Candidate has a MCA background and is applying for the Software Engineer role. Has 0.3 years of experience with skills in Java, Git, C++, SQL, Python. Completed 7 projects and earned 2 professional certifications. Has no internship experience. Interested in building practical solutions and working with modern technology."
CAND236,Sneha Mishra,Software Engineer,B.Tech AIDS,2.1,"TensorFlow, React, REST API, DSA, Git, Data Visualization",7,2,No,"Candidate has a B.Tech AIDS background and is applying for the Software Engineer role. Has 2.1 years of experience with skills in TensorFlow, React, REST API, DSA, Git, Data Visualization. Completed 7 projects and earned 2 professional certifications. Has no internship experience. Interested in building practical solutions and working with modern technology."
CAND237,Akash Mehta,Data Analyst,MCA,6.1,"Statistics, Pandas, Power BI, Tableau",0,4,Yes,"Candidate has a MCA background and is applying for the Data Analyst role. Has 6.1 years of experience with skills in Statistics, Pandas, Power BI, Tableau. Completed 0 projects and earned 4 professional certifications. Completed an internship. Interested in building practical solutions and working with modern technology."
CAND238,Aditi Shinde,Data Analyst,B.Sc Data Science,6.1,"OOP, Power BI, C++, Deep Learning, Excel",3,0,Yes,"Candidate has a B.Sc Data Science background and is applying for the Data Analyst role. Has 6.1 years of experience with skills in OOP, Power BI, C++, Deep Learning, Excel. Completed 3 projects and earned 0 professional certifications. Completed an internship. Interested in building practical solutions and working with modern technology."
CAND239,Bhavna More,Data Scientist,B.Sc Data Science,1.7,"Power BI, TensorFlow, Scikit-learn, Python, Statistics",7,4,No,"Candidate has a B.Sc Data Science background and is applying for the Data Scientist role. Has 1.7 years of experience with skills in Power BI, TensorFlow, Scikit-learn, Python, Statistics. Completed 7 projects and earned 4 professional certifications. Has no internship experience. Interested in building practical solutions and working with modern technology."
CAND240,Sakshi Kulkarni,Data Analyst,BCA,6.0,"SQL, Excel, Python, Power BI, Pandas, Deep Learning",3,1,Yes,"Candidate has a BCA background and is applying for the Data Analyst role. Has 6.0 years of experience with skills in SQL, Excel, Python, Power BI, Pandas, Deep Learning. Completed 3 projects and earned 1 professional certifications. Completed an internship. Interested in building practical solutions and working with modern technology."
CAND241,Meera Khan,Software Engineer,MCA,4.3,"Linux, C++, SQL, Excel, REST API, CSS, HTML, Java",4,5,No,"Candidate has a MCA background and is applying for the Software Engineer role. Has 4.3 years of experience with skills in Linux, C++, SQL, Excel, REST API, CSS, HTML, Java. Completed 4 projects and earned 5 professional certifications. Has no internship experience. Interested in building practical solutions and working with modern technology."
CAND242,Isha Joshi,Software Engineer,MCA,7.0,"REST API, Git, OOP, Java, SQL, PyTorch",5,4,No,"Candidate has a MCA background and is applying for the Software Engineer role. Has 7.0 years of experience with skills in REST API, Git, OOP, Java, SQL, PyTorch. Completed 5 projects and earned 4 professional certifications. Has no internship experience. Interested in building practical solutions and working with modern technology."
CAND243,Om Singh,AI/ML Engineer,B.Tech AIDS,6.7,"Python, JavaScript, HTML, Statistics, TensorFlow, React",4,1,Yes,"Candidate has a B.Tech AIDS background and is applying for the AI/ML Engineer role. Has 6.7 years of experience with skills in Python, JavaScript, HTML, Statistics, TensorFlow, React. Completed 4 projects and earned 1 professional certifications. Completed an internship. Interested in building practical solutions and working with modern technology."
CAND244,Sakshi Thakur,Data Scientist,M.Sc Data Science,0.2,"Python, Statistics, SQL, TensorFlow, NLP, Machine Learning, Tableau",3,2,Yes,"Candidate has a M.Sc Data Science background and is applying for the Data Scientist role. Has 0.2 years of experience with skills in Python, Statistics, SQL, TensorFlow, NLP, Machine Learning, Tableau. Completed 3 projects and earned 2 professional certifications. Completed an internship. Interested in building practical solutions and working with modern technology."
CAND245,Rohan Verma,AI/ML Engineer,M.Tech AI,5.1,"Scikit-learn, Deep Learning, SQL, Python, OOP, Data Visualization, TensorFlow, Java",8,1,No,"Candidate has a M.Tech AI background and is applying for the AI/ML Engineer role. Has 5.1 years of experience with skills in Scikit-learn, Deep Learning, SQL, Python, OOP, Data Visualization, TensorFlow, Java. Completed 8 projects and earned 1 professional certifications. Has no internship experience. Interested in building practical solutions and working with modern technology."
CAND246,Neha Sharma,Web Developer,B.Tech AIDS,1.8,"Java, NLP, Statistics, JavaScript, Linux",4,3,Yes,"Candidate has a B.Tech AIDS background and is applying for the Web Developer role. Has 1.8 years of experience with skills in Java, NLP, Statistics, JavaScript, Linux. Completed 4 projects and earned 3 professional certifications. Completed an internship. Interested in building practical solutions and working with modern technology."
CAND247,Karan Mishra,Data Analyst,BCA,6.1,"SQL, Statistics, Pandas, Power BI, OOP, Java, NLP, CSS",2,1,Yes,"Candidate has a BCA background and is applying for the Data Analyst role. Has 6.1 years of experience with skills in SQL, Statistics, Pandas, Power BI, OOP, Java, NLP, CSS. Completed 2 projects and earned 1 professional certifications. Completed an internship. Interested in building practical solutions and working with modern technology."
CAND248,Chetan Raut,Data Analyst,B.Sc Data Science,4.4,"SQL, Power BI, Excel, Data Visualization, Machine Learning",0,3,No,"Candidate has a B.Sc Data Science background and is applying for the Data Analyst role. Has 4.4 years of experience with skills in SQL, Power BI, Excel, Data Visualization, Machine Learning. Completed 0 projects and earned 3 professional certifications. Has no internship experience. Interested in building practical solutions and working with modern technology."
CAND249,Aditi Thakur,Data Analyst,B.Tech CSE,2.8,"Scikit-learn, Computer Vision, Data Visualization, PyTorch, NLP, Python, SQL",7,3,Yes,"Candidate has a B.Tech CSE background and is applying for the Data Analyst role. Has 2.8 years of experience with skills in Scikit-learn, Computer Vision, Data Visualization, PyTorch, NLP, Python, SQL. Completed 7 projects and earned 3 professional certifications. Completed an internship. Interested in building practical solutions and working with modern technology."
CAND250,Diya Jadhav,Web Developer,B.Tech AIDS,0.1,"Scikit-learn, Tableau, OOP, Excel",0,5,Yes,"Candidate has a B.Tech AIDS background and is applying for the Web Developer role. Has 0.1 years of experience with skills in Scikit-learn, Tableau, OOP, Excel. Completed 0 projects and earned 5 professional certifications. Completed an internship. Interested in building practical solutions and working with modern technology."
CAND251,Meera Deshmukh,Software Engineer,B.Tech IT,2.1,"C++, Python, Git, Java",4,3,No,"Candidate has a B.Tech IT background and is applying for the Software Engineer role. Has 2.1 years of experience with skills in C++, Python, Git, Java. Completed 4 projects and earned 3 professional certifications. Has no internship experience. Interested in building practical solutions and working with modern technology."
CAND252,Rahul Chavan,Software Engineer,MCA,5.1,"Deep Learning, Statistics, Machine Learning, C++, Git, SQL",2,1,Yes,"Candidate has a MCA background and is applying for the Software Engineer role. Has 5.1 years of experience with skills in Deep Learning, Statistics, Machine Learning, C++, Git, SQL. Completed 2 projects and earned 1 professional certifications. Completed an internship. Interested in building practical solutions and working with modern technology."
CAND253,Rohan Patil,Web Developer,B.Tech CSE,4.2,"SQL, React, REST API, Pandas, PyTorch, CSS",0,5,Yes,"Candidate has a B.Tech CSE background and is applying for the Web Developer role. Has 4.2 years of experience with skills in SQL, React, REST API, Pandas, PyTorch, CSS. Completed 0 projects and earned 5 professional certifications. Completed an internship. Interested in building practical solutions and working with modern technology."
CAND254,Sakshi Chavan,Data Scientist,B.Tech CSE,4.4,"Power BI, NumPy, Pandas, Statistics, Data Visualization, Excel, Scikit-learn",4,3,Yes,"Candidate has a B.Tech CSE background and is applying for the Data Scientist role. Has 4.4 years of experience with skills in Power BI, NumPy, Pandas, Statistics, Data Visualization, Excel, Scikit-learn. Completed 4 projects and earned 3 professional certifications. Completed an internship. Interested in building practical solutions and working with modern technology."
CAND255,Kavya Mishra,Software Engineer,M.Tech CSE,1.4,"Python, REST API, C++, Java, SQL, DSA, HTML, Statistics",4,4,Yes,"Candidate has a M.Tech CSE background and is applying for the Software Engineer role. Has 1.4 years of experience with skills in Python, REST API, C++, Java, SQL, DSA, HTML, Statistics. Completed 4 projects and earned 4 professional certifications. Completed an internship. Interested in building practical solutions and working with modern technology."
CAND256,Arjun Verma,Software Engineer,B.Tech IT,0.1,"Linux, SQL, Python, Java",1,0,No,"Candidate has a B.Tech IT background and is applying for the Software Engineer role. Has 0.1 years of experience with skills in Linux, SQL, Python, Java. Completed 1 projects and earned 0 professional certifications. Has no internship experience. Interested in building practical solutions and working with modern technology."
CAND257,Vidya Sharma,Data Analyst,B.Tech AIDS,1.8,"Python, Git, Node.js, Java",0,0,Yes,"Candidate has a B.Tech AIDS background and is applying for the Data Analyst role. Has 1.8 years of experience with skills in Python, Git, Node.js, Java. Completed 0 projects and earned 0 professional certifications. Completed an internship. Interested in building practical solutions and working with modern technology."
CAND258,Yash Verma,Software Engineer,B.Tech AIDS,1.2,"Python, Java, Linux, Data Visualization, Scikit-learn, SQL",5,3,No,"Candidate has a B.Tech AIDS background and is applying for the Software Engineer role. Has 1.2 years of experience with skills in Python, Java, Linux, Data Visualization, Scikit-learn, SQL. Completed 5 projects and earned 3 professional certifications. Has no internship experience. Interested in building practical solutions and working with modern technology."
CAND259,Sameer Sharma,Software Engineer,B.Tech AIDS,5.6,"Linux, OOP, Git, DSA, SQL",2,0,Yes,"Candidate has a B.Tech AIDS background and is applying for the Software Engineer role. Has 5.6 years of experience with skills in Linux, OOP, Git, DSA, SQL. Completed 2 projects and earned 0 professional certifications. Completed an internship. Interested in building practical solutions and working with modern technology."
CAND260,Vidya Deshmukh,Web Developer,B.Tech CSE,2.7,"NumPy, Statistics, Power BI, REST API, Node.js, Deep Learning, PyTorch",5,4,Yes,"Candidate has a B.Tech CSE background and is applying for the Web Developer role. Has 2.7 years of experience with skills in NumPy, Statistics, Power BI, REST API, Node.js, Deep Learning, PyTorch. Completed 5 projects and earned 4 professional certifications. Completed an internship. Interested in building practical solutions and working with modern technology."
CAND261,Sakshi Pawar,AI/ML Engineer,M.Sc AI,4.6,"Node.js, CSS, Computer Vision, HTML",0,5,Yes,"Candidate has a M.Sc AI background and is applying for the AI/ML Engineer role. Has 4.6 years of experience with skills in Node.js, CSS, Computer Vision, HTML. Completed 0 projects and earned 5 professional certifications. Completed an internship. Interested in building practical solutions and working with modern technology."
CAND262,Vidya More,Data Analyst,BCA,0.1,"Data Visualization, Excel, Pandas, Power BI, Deep Learning, REST API, SQL, CSS",2,4,No,"Candidate has a BCA background and is applying for the Data Analyst role. Has 0.1 years of experience with skills in Data Visualization, Excel, Pandas, Power BI, Deep Learning, REST API, SQL, CSS. Completed 2 projects and earned 4 professional certifications. Has no internship experience. Interested in building practical solutions and working with modern technology."
CAND263,Nikhil Bhosale,Web Developer,B.Tech CSE,2.8,"React, HTML, REST API, CSS, SQL, Statistics, Node.js",3,0,No,"Candidate has a B.Tech CSE background and is applying for the Web Developer role. Has 2.8 years of experience with skills in React, HTML, REST API, CSS, SQL, Statistics, Node.js. Completed 3 projects and earned 0 professional certifications. Has no internship experience. Interested in building practical solutions and working with modern technology."
CAND264,Yash Chavan,AI/ML Engineer,B.Tech AIDS,3.8,"SQL, Python, Scikit-learn, Machine Learning, NLP, CSS, Pandas",1,4,No,"Candidate has a B.Tech AIDS background and is applying for the AI/ML Engineer role. Has 3.8 years of experience with skills in SQL, Python, Scikit-learn, Machine Learning, NLP, CSS, Pandas. Completed 1 projects and earned 4 professional certifications. Has no internship experience. Interested in building practical solutions and working with modern technology."
CAND265,Sameer Shinde,Data Analyst,B.Tech CSE,5.4,"Linux, Tableau, CSS, Git, Node.js, JavaScript, Pandas",7,5,No,"Candidate has a B.Tech CSE background and is applying for the Data Analyst role. Has 5.4 years of experience with skills in Linux, Tableau, CSS, Git, Node.js, JavaScript, Pandas. Completed 7 projects and earned 5 professional certifications. Has no internship experience. Interested in building practical solutions and working with modern technology."
CAND266,Ananya Gupta,Data Scientist,B.Tech CSE,6.3,"NumPy, Scikit-learn, Statistics, Python, TensorFlow",7,1,No,"Candidate has a B.Tech CSE background and is applying for the Data Scientist role. Has 6.3 years of experience with skills in NumPy, Scikit-learn, Statistics, Python, TensorFlow. Completed 7 projects and earned 1 professional certifications. Has no internship experience. Interested in building practical solutions and working with modern technology."
CAND267,Tanmay Shinde,Data Analyst,B.Tech CSE,5.3,"Power BI, Data Visualization, SQL, Excel, Python",0,5,Yes,"Candidate has a B.Tech CSE background and is applying for the Data Analyst role. Has 5.3 years of experience with skills in Power BI, Data Visualization, SQL, Excel, Python. Completed 0 projects and earned 5 professional certifications. Completed an internship. Interested in building practical solutions and working with modern technology."
CAND268,Ananya Khan,AI/ML Engineer,B.Sc Data Science,4.8,"Python, Scikit-learn, PyTorch, TensorFlow, Computer Vision, NLP, Power BI, Excel",2,5,Yes,"Candidate has a B.Sc Data Science background and is applying for the AI/ML Engineer role. Has 4.8 years of experience with skills in Python, Scikit-learn, PyTorch, TensorFlow, Computer Vision, NLP, Power BI, Excel. Completed 2 projects and earned 5 professional certifications. Completed an internship. Interested in building practical solutions and working with modern technology."
CAND269,Arjun Mishra,Data Analyst,BCA,6.7,"Statistics, Tableau, Pandas, SQL, Excel, Data Visualization",4,3,Yes,"Candidate has a BCA background and is applying for the Data Analyst role. Has 6.7 years of experience with skills in Statistics, Tableau, Pandas, SQL, Excel, Data Visualization. Completed 4 projects and earned 3 professional certifications. Completed an internship. Interested in building practical solutions and working with modern technology."
CAND270,Sameer Joshi,Data Analyst,MCA,6.9,"Power BI, SQL, Statistics, Tableau, Excel, Scikit-learn, Machine Learning, Data Visualization",2,4,No,"Candidate has a MCA background and is applying for the Data Analyst role. Has 6.9 years of experience with skills in Power BI, SQL, Statistics, Tableau, Excel, Scikit-learn, Machine Learning, Data Visualization. Completed 2 projects and earned 4 professional certifications. Has no internship experience. Interested in building practical solutions and working with modern technology."
CAND271,Chetan Gupta,Software Engineer,M.Tech CSE,2.7,"REST API, OOP, Git, DSA, Java, Linux, C++",0,5,Yes,"Candidate has a M.Tech CSE background and is applying for the Software Engineer role. Has 2.7 years of experience with skills in REST API, OOP, Git, DSA, Java, Linux, C++. Completed 0 projects and earned 5 professional certifications. Completed an internship. Interested in building practical solutions and working with modern technology."
CAND272,Sneha Thakur,Web Developer,B.Tech AIDS,5.7,"React, Java, SQL, Power BI, CSS, Machine Learning",1,4,Yes,"Candidate has a B.Tech AIDS background and is applying for the Web Developer role. Has 5.7 years of experience with skills in React, Java, SQL, Power BI, CSS, Machine Learning. Completed 1 projects and earned 4 professional certifications. Completed an internship. Interested in building practical solutions and working with modern technology."
CAND273,Aarav Gupta,AI/ML Engineer,B.Tech CSE,2.9,"Statistics, React, Java, Tableau, REST API, CSS, Machine Learning, SQL",5,4,Yes,"Candidate has a B.Tech CSE background and is applying for the AI/ML Engineer role. Has 2.9 years of experience with skills in Statistics, React, Java, Tableau, REST API, CSS, Machine Learning, SQL. Completed 5 projects and earned 4 professional certifications. Completed an internship. Interested in building practical solutions and working with modern technology."
CAND274,Isha Shinde,Web Developer,MCA,5.2,"Python, React, Tableau, TensorFlow, Linux, Power BI, Pandas",3,5,Yes,"Candidate has a MCA background and is applying for the Web Developer role. Has 5.2 years of experience with skills in Python, React, Tableau, TensorFlow, Linux, Power BI, Pandas. Completed 3 projects and earned 5 professional certifications. Completed an internship. Interested in building practical solutions and working with modern technology."
CAND275,Bhavna Bhosale,Web Developer,B.Tech CSE,3.0,"SQL, OOP, DSA, Machine Learning, CSS",8,2,Yes,"Candidate has a B.Tech CSE background and is applying for the Web Developer role. Has 3.0 years of experience with skills in SQL, OOP, DSA, Machine Learning, CSS. Completed 8 projects and earned 2 professional certifications. Completed an internship. Interested in building practical solutions and working with modern technology."
CAND276,Akash Pawar,Software Engineer,B.Tech CSE,4.3,"Java, C++, Linux, OOP, Computer Vision, Scikit-learn",4,3,No,"Candidate has a B.Tech CSE background and is applying for the Software Engineer role. Has 4.3 years of experience with skills in Java, C++, Linux, OOP, Computer Vision, Scikit-learn. Completed 4 projects and earned 3 professional certifications. Has no internship experience. Interested in building practical solutions and working with modern technology."
CAND277,Karan Jadhav,Data Analyst,B.Tech CSE,2.4,"Statistics, Tableau, Data Visualization, Power BI, Computer Vision",3,5,No,"Candidate has a B.Tech CSE background and is applying for the Data Analyst role. Has 2.4 years of experience with skills in Statistics, Tableau, Data Visualization, Power BI, Computer Vision. Completed 3 projects and earned 5 professional certifications. Has no internship experience. Interested in building practical solutions and working with modern technology."
CAND278,Ishaan Thakur,Software Engineer,B.Tech IT,6.2,"Python, SQL, DSA, HTML, React, REST API, CSS, Scikit-learn",6,0,No,"Candidate has a B.Tech IT background and is applying for the Software Engineer role. Has 6.2 years of experience with skills in Python, SQL, DSA, HTML, React, REST API, CSS, Scikit-learn. Completed 6 projects and earned 0 professional certifications. Has no internship experience. Interested in building practical solutions and working with modern technology."
CAND279,Ananya Raut,Software Engineer,B.Tech CSE,6.3,"Linux, OOP, Statistics, Tableau, Node.js, NumPy, CSS, Java",3,2,Yes,"Candidate has a B.Tech CSE background and is applying for the Software Engineer role. Has 6.3 years of experience with skills in Linux, OOP, Statistics, Tableau, Node.js, NumPy, CSS, Java. Completed 3 projects and earned 2 professional certifications. Completed an internship. Interested in building practical solutions and working with modern technology."
CAND280,Rohan Verma,Data Analyst,BCA,5.8,"Power BI, Statistics, Pandas, Data Visualization",3,4,No,"Candidate has a BCA background and is applying for the Data Analyst role. Has 5.8 years of experience with skills in Power BI, Statistics, Pandas, Data Visualization. Completed 3 projects and earned 4 professional certifications. Has no internship experience. Interested in building practical solutions and working with modern technology."
CAND281,Manish Shinde,Web Developer,B.Tech CSE,4.0,"CSS, REST API, HTML, Excel, JavaScript, PyTorch, DSA",3,2,No,"Candidate has a B.Tech CSE background and is applying for the Web Developer role. Has 4.0 years of experience with skills in CSS, REST API, HTML, Excel, JavaScript, PyTorch, DSA. Completed 3 projects and earned 2 professional certifications. Has no internship experience. Interested in building practical solutions and working with modern technology."
CAND282,Kavya Chavan,AI/ML Engineer,M.Sc AI,5.3,"Scikit-learn, Python, NLP, Tableau, REST API, Computer Vision",0,5,Yes,"Candidate has a M.Sc AI background and is applying for the AI/ML Engineer role. Has 5.3 years of experience with skills in Scikit-learn, Python, NLP, Tableau, REST API, Computer Vision. Completed 0 projects and earned 5 professional certifications. Completed an internship. Interested in building practical solutions and working with modern technology."
CAND283,Tanya Thakur,Data Scientist,B.Sc Data Science,1.1,"Statistics, TensorFlow, Pandas, Scikit-learn, Python, NumPy",3,1,No,"Candidate has a B.Sc Data Science background and is applying for the Data Scientist role. Has 1.1 years of experience with skills in Statistics, TensorFlow, Pandas, Scikit-learn, Python, NumPy. Completed 3 projects and earned 1 professional certifications. Has no internship experience. Interested in building practical solutions and working with modern technology."
CAND284,Isha Kulkarni,Software Engineer,B.Tech IT,4.2,"Java, C++, REST API, Git, SQL, React",8,4,Yes,"Candidate has a B.Tech IT background and is applying for the Software Engineer role. Has 4.2 years of experience with skills in Java, C++, REST API, Git, SQL, React. Completed 8 projects and earned 4 professional certifications. Completed an internship. Interested in building practical solutions and working with modern technology."
CAND285,Sakshi Bhosale,Software Engineer,B.Tech IT,5.8,"TensorFlow, OOP, Data Visualization, Deep Learning, Scikit-learn, Git, PyTorch",3,0,Yes,"Candidate has a B.Tech IT background and is applying for the Software Engineer role. Has 5.8 years of experience with skills in TensorFlow, OOP, Data Visualization, Deep Learning, Scikit-learn, Git, PyTorch. Completed 3 projects and earned 0 professional certifications. Completed an internship. Interested in building practical solutions and working with modern technology."
CAND286,Sakshi Singh,Data Scientist,M.Sc Data Science,3.4,"NumPy, Machine Learning, SQL, DSA, Excel, Tableau, Python",5,2,Yes,"Candidate has a M.Sc Data Science background and is applying for the Data Scientist role. Has 3.4 years of experience with skills in NumPy, Machine Learning, SQL, DSA, Excel, Tableau, Python. Completed 5 projects and earned 2 professional certifications. Completed an internship. Interested in building practical solutions and working with modern technology."
CAND287,Bhavna Patil,Data Scientist,B.Sc Data Science,4.1,"Scikit-learn, Statistics, Pandas, SQL, Python, React, Java, Tableau",5,2,No,"Candidate has a B.Sc Data Science background and is applying for the Data Scientist role. Has 4.1 years of experience with skills in Scikit-learn, Statistics, Pandas, SQL, Python, React, Java, Tableau. Completed 5 projects and earned 2 professional certifications. Has no internship experience. Interested in building practical solutions and working with modern technology."
CAND288,Tanmay Mehta,Software Engineer,B.Tech IT,6.1,"OOP, SQL, Python, Linux, C++",7,3,No,"Candidate has a B.Tech IT background and is applying for the Software Engineer role. Has 6.1 years of experience with skills in OOP, SQL, Python, Linux, C++. Completed 7 projects and earned 3 professional certifications. Has no internship experience. Interested in building practical solutions and working with modern technology."
CAND289,Yash Patil,AI/ML Engineer,B.Sc Data Science,1.8,"PyTorch, Deep Learning, Scikit-learn, Git",1,5,Yes,"Candidate has a B.Sc Data Science background and is applying for the AI/ML Engineer role. Has 1.8 years of experience with skills in PyTorch, Deep Learning, Scikit-learn, Git. Completed 1 projects and earned 5 professional certifications. Completed an internship. Interested in building practical solutions and working with modern technology."
CAND290,Rohan Deshmukh,Data Analyst,MCA,6.3,"Power BI, Machine Learning, Scikit-learn, Excel",8,2,No,"Candidate has a MCA background and is applying for the Data Analyst role. Has 6.3 years of experience with skills in Power BI, Machine Learning, Scikit-learn, Excel. Completed 8 projects and earned 2 professional certifications. Has no internship experience. Interested in building practical solutions and working with modern technology."
CAND291,Kavya Chavan,Software Engineer,MCA,3.3,"Power BI, SQL, TensorFlow, Java, Data Visualization",8,0,No,"Candidate has a MCA background and is applying for the Software Engineer role. Has 3.3 years of experience with skills in Power BI, SQL, TensorFlow, Java, Data Visualization. Completed 8 projects and earned 0 professional certifications. Has no internship experience. Interested in building practical solutions and working with modern technology."
CAND292,Tanmay More,Data Scientist,B.Tech AIDS,5.1,"Statistics, SQL, Machine Learning, NumPy, Python, Scikit-learn, Data Visualization, TensorFlow",5,0,Yes,"Candidate has a B.Tech AIDS background and is applying for the Data Scientist role. Has 5.1 years of experience with skills in Statistics, SQL, Machine Learning, NumPy, Python, Scikit-learn, Data Visualization, TensorFlow. Completed 5 projects and earned 0 professional certifications. Completed an internship. Interested in building practical solutions and working with modern technology."
CAND293,Varun Gupta,Web Developer,B.Tech CSE,0.3,"Java, Node.js, REST API, Pandas, OOP, CSS",5,0,No,"Candidate has a B.Tech CSE background and is applying for the Web Developer role. Has 0.3 years of experience with skills in Java, Node.js, REST API, Pandas, OOP, CSS. Completed 5 projects and earned 0 professional certifications. Has no internship experience. Interested in building practical solutions and working with modern technology."
CAND294,Yash Naik,Data Analyst,BCA,2.8,"Pandas, Tableau, Data Visualization, Python, Excel, SQL, Java, PyTorch",5,3,No,"Candidate has a BCA background and is applying for the Data Analyst role. Has 2.8 years of experience with skills in Pandas, Tableau, Data Visualization, Python, Excel, SQL, Java, PyTorch. Completed 5 projects and earned 3 professional certifications. Has no internship experience. Interested in building practical solutions and working with modern technology."
CAND295,Meera Pawar,Data Scientist,M.Sc Data Science,1.1,"Machine Learning, NumPy, Power BI, TensorFlow, Deep Learning",1,5,Yes,"Candidate has a M.Sc Data Science background and is applying for the Data Scientist role. Has 1.1 years of experience with skills in Machine Learning, NumPy, Power BI, TensorFlow, Deep Learning. Completed 1 projects and earned 5 professional certifications. Completed an internship. Interested in building practical solutions and working with modern technology."
CAND296,Aditi Raut,Data Scientist,M.Tech AI,0.9,"TensorFlow, Python, Machine Learning, Statistics, Data Visualization, PyTorch, Deep Learning",8,0,Yes,"Candidate has a M.Tech AI background and is applying for the Data Scientist role. Has 0.9 years of experience with skills in TensorFlow, Python, Machine Learning, Statistics, Data Visualization, PyTorch, Deep Learning. Completed 8 projects and earned 0 professional certifications. Completed an internship. Interested in building practical solutions and working with modern technology."
CAND297,Diya Mishra,Software Engineer,B.Tech IT,1.5,"PyTorch, Power BI, Python, C++, SQL, REST API, Java, Computer Vision",7,3,Yes,"Candidate has a B.Tech IT background and is applying for the Software Engineer role. Has 1.5 years of experience with skills in PyTorch, Power BI, Python, C++, SQL, REST API, Java, Computer Vision. Completed 7 projects and earned 3 professional certifications. Completed an internship. Interested in building practical solutions and working with modern technology."
CAND298,Manish Deshmukh,Data Analyst,B.Tech CSE,6.5,"Deep Learning, PyTorch, REST API, OOP, HTML, TensorFlow, Statistics, JavaScript",1,1,No,"Candidate has a B.Tech CSE background and is applying for the Data Analyst role. Has 6.5 years of experience with skills in Deep Learning, PyTorch, REST API, OOP, HTML, TensorFlow, Statistics, JavaScript. Completed 1 projects and earned 1 professional certifications. Has no internship experience. Interested in building practical solutions and working with modern technology."
CAND299,Akash More,Data Scientist,B.Tech CSE,4.2,"SQL, Machine Learning, Statistics, Pandas, NumPy",8,4,Yes,"Candidate has a B.Tech CSE background and is applying for the Data Scientist role. Has 4.2 years of experience with skills in SQL, Machine Learning, Statistics, Pandas, NumPy. Completed 8 projects and earned 4 professional certifications. Completed an internship. Interested in building practical solutions and working with modern technology."
CAND300,Tanya Khan,Web Developer,MCA,4.9,"Scikit-learn, REST API, Python, NLP, OOP, TensorFlow, Linux, CSS",6,1,No,"Candidate has a MCA background and is applying for the Web Developer role. Has 4.9 years of experience with skills in Scikit-learn, REST API, Python, NLP, OOP, TensorFlow, Linux, CSS. Completed 6 projects and earned 1 professional certifications. Has no internship experience. Interested in building practical solutions and working with modern technology."
